----Vec----
 (29.8232,0)
(-27.8797,0)
(-1.86688,0)
 
(-0.803606,0)   (0.32839,0) (-0.496289,0)
 (0.443666,0)  (0.886479,0) (-0.131719,0)
(-0.396708,0)  (0.326061,0)  (0.858107,0)
0
-0.803606
 0.443666
-0.396708
----Vec----
 (29.8232,0)
(-27.8797,0)
(-1.86688,0)
 
(-0.803606,0)   (0.32839,0) (-0.496289,0)
 (0.443666,0)  (0.886479,0) (-0.131719,0)
(-0.396708,0)  (0.326061,0)  (0.858107,0)
1
5.28097e-05
3.66867e-05
0
-0.803606
 0.443666
-0.396708
----Vec----
 (30.0419,0)
(-28.0398,0)
(-1.92333,0)
 
(-0.804513,0)  (0.326361,0) (-0.496157,0)
 (0.441417,0)  (0.887586,0) (-0.131812,0)
(-0.397379,0)  (0.325083,0)  (0.858169,0)
0.999997
0.00256285
0.000207692
0
-0.804513
 0.441417
-0.397379
----Vec----
 (30.0973,0)
(-1.93745,0)
(-28.0805,0)
 
(-0.804736,0) (-0.496125,0)  (-0.32586,0)
 (0.440861,0) (-0.131835,0) (-0.887859,0)
(-0.397544,0)  (0.858184,0)  (-0.32484,0)
0.999995
0.00025022
0.0031831
0
-0.804736
 0.440861
-0.397544
----Vec----
 (30.4856,0)
(-2.03817,0)
(-28.3644,0)
 
(-0.806309,0) (-0.495894,0)   (-0.3223,0)
 (0.436917,0) (-0.131998,0) (-0.889783,0)
 (-0.39871,0)  (0.858292,0) (-0.323123,0)
0.999972
0.000551015
0.0075784
0
-0.806309
 0.436917
 -0.39871
----Vec----
   (30.94,0)
(-2.15506,0)
(-28.6976,0)
 
 (-0.80807,0) (-0.495631,0) (-0.318267,0)
 (0.432446,0) (-0.132185,0) (-0.891937,0)
(-0.400016,0)  (0.858416,0) (-0.321177,0)
0.999922
0.000894576
0.0125471
0
 -0.80807
 0.432446
-0.400016
----Vec----
 (30.7964,0)
(-2.11843,0)
(-28.5919,0)
 
(-0.807526,0) (-0.495713,0) (-0.319517,0)
 (0.433832,0) (-0.132127,0) (-0.891272,0)
(-0.399613,0)  (0.858377,0)  (-0.32178,0)
0.99994
0.000787556
0.0110081
0
-0.807526
 0.433832
-0.399613
R:
0.815536
0.254224
0.398311
Dot: 0.999982
 R Past:
-0.803606
 0.443666
-0.396708
Current:
-0.805769
 0.438277
-0.398308 ----Vec----
 (30.9386,0)
(-2.15544,0)
(-28.6958,0)
 
(-0.808079,0)  (-0.49563,0) (-0.318245,0)
 (0.432422,0) (-0.132186,0) (-0.891949,0)
(-0.400024,0)  (0.858416,0) (-0.321167,0)
0.999979
0.000484765
0.0065653
0
-0.808079
 0.432422
-0.400024
----Vec----
 (31.1681,0)
(-2.21519,0)
(-28.8633,0)
 
(-0.808959,0) (-0.495498,0) (-0.316209,0)
 (0.430166,0)  (-0.13228,0) (-0.893025,0)
(-0.400678,0)  (0.858478,0) (-0.320185,0)
0.999959
0.000657648
0.00906813
0
-0.808959
 0.430166
-0.400678
----Vec----
 (31.2262,0)
(-2.23013,0)
(-28.9059,0)
 
(-0.809175,0) (-0.495465,0) (-0.315706,0)
 (0.429608,0) (-0.132304,0)  (-0.89329,0)
(-0.400839,0)  (0.858493,0) (-0.319942,0)
0.999953
0.000700712
0.00968668
0
-0.809175
 0.429608
-0.400839
----Vec----
 (31.6338,0)
(-2.33674,0)
(-29.2029,0)
 
(-0.810701,0) (-0.495231,0) (-0.312134,0)
  (0.42565,0)  (-0.13247,0) (-0.895159,0)
(-0.401977,0)  (0.858602,0) (-0.318219,0)
0.999901
0.0010049
0.0140696
0
-0.810701
  0.42565
-0.401977
----Vec----
 (32.1107,0)
(-2.46052,0)
(-29.5516,0)
 
(-0.812409,0) (-0.494965,0) (-0.308089,0)
 (0.421165,0)  (-0.13266,0) (-0.897249,0)
(-0.403251,0)  (0.858727,0) (-0.316268,0)
0.999819
0.00135258
0.0190233
0
-0.812409
 0.421165
-0.403251
----Vec----
 (31.9599,0)
 (-29.441,0)
(-2.42171,0)
 
(-0.811882,0)  (0.309343,0) (-0.495048,0)
 (0.422556,0)  (0.896604,0) (-0.132601,0)
(-0.402858,0)  (0.316873,0)  (0.858688,0)
0.999847
0.017489
0.00124419
0
-0.811882
 0.422556
-0.402858
R:
0.809089
 0.25773
0.395124
Dot: 0.999922
 R Past:
-0.805769
 0.438277
-0.398308
Current:
-0.810178
 0.427015
-0.401585 ----Vec----
 (32.1092,0)
(-2.46089,0)
(-29.5497,0)
 
(-0.812418,0) (-0.494964,0) (-0.308066,0)
 (0.421141,0) (-0.132661,0) (-0.897261,0)
(-0.403259,0)  (0.858727,0) (-0.316257,0)
0.999979
0.000491619
0.006551
0
-0.812418
 0.421141
-0.403259
----Vec----
 (32.3501,0)
(-2.52415,0)
(-29.7251,0)
 
 (-0.81327,0)  (-0.49483,0)  (0.306024,0)
 (0.418878,0) (-0.132757,0)  (0.898305,0)
(-0.403897,0)  (0.858789,0)  (0.315273,0)
0.999959
0.000666499
0.00904691
0
 -0.81327
 0.418878
-0.403897
----Vec----
  (32.411,0)
(-2.53998,0)
(-29.7696,0)
 
(-0.813481,0) (-0.494796,0)  (0.305519,0)
 (0.418318,0) (-0.132781,0)  (0.898562,0)
(-0.404054,0)  (0.858805,0)  (0.315029,0)
0.999954
0.000709951
0.00966354
0
-0.813481
 0.418318
-0.404054
----Vec----
 (32.8389,0)
(-2.65285,0)
(-30.0806,0)
 
 (-0.81496,0)   (0.49456,0)  (0.301936,0)
 (0.414347,0)  (0.132951,0)  (0.900376,0)
(-0.405163,0) (-0.858914,0)  (0.313302,0)
0.999902
0.00101757
0.0140341
0
 -0.81496
 0.414347
-0.405163
----Vec----
 (33.3396,0)
(-2.78393,0)
(-30.4456,0)
 
(-0.816614,0)   (0.49429,0)  (0.297879,0)
  (0.40985,0)  (0.133143,0)  (0.902403,0)
(-0.406404,0)  (-0.85904,0)  (0.311346,0)
0.99982
0.00136909
0.0189729
0
-0.816614
  0.40985
-0.406404
----Vec----
 (33.1814,0)
(-2.74283,0)
(-30.3299,0)
 
(-0.816104,0)  (0.494375,0)  (0.299136,0)
 (0.411244,0)  (0.133083,0)  (0.901778,0)
(-0.406022,0) (-0.859001,0)  (0.311953,0)
0.999848
0.00125957
0.0174435
0
-0.816104
 0.411244
-0.406022
R:
0.802608
0.261146
0.391912
Dot: 0.999922
 R Past:
-0.810178
 0.427015
-0.401585
Current:
-0.814452
 0.415716
-0.404781 ----Vec----
 (33.3382,0)
(-2.78432,0)
(-30.4437,0)
 
(-0.816623,0)   (0.49429,0)  (0.297856,0)
 (0.409825,0)  (0.133145,0)  (0.902415,0)
(-0.406412,0)  (-0.85904,0)  (0.311336,0)
0.999979
0.000498086
0.00653642
0
-0.816623
 0.409825
-0.406412
----Vec----
 (33.5911,0)
 (-2.8513,0)
(-30.6272,0)
 
(-0.817449,0)  (0.494154,0)  (0.295808,0)
 (0.407555,0)  (0.133242,0)  (0.903428,0)
(-0.407034,0) (-0.859103,0)  (0.310349,0)
0.99996
0.000675201
0.0090251
0
-0.817449
 0.407555
-0.407034
----Vec----
 (33.6551,0)
(-2.86806,0)
(-30.6739,0)
 
(-0.817652,0)   (0.49412,0)  (0.295302,0)
 (0.406994,0)  (0.133266,0)  (0.903677,0)
(-0.407187,0) (-0.859119,0)  (0.310105,0)
0.999954
0.000719219
0.0096398
0
-0.817652
 0.406994
-0.407187
----Vec----
 (34.1044,0)
(-2.98759,0)
(-30.9995,0)
 
(-0.819085,0)  (0.493881,0)  (0.291708,0)
 (0.403011,0)  (0.133439,0)  (0.905435,0)
(-0.408267,0)  (-0.85923,0)  (0.308374,0)
0.999902
0.0010303
0.0139976
0
-0.819085
 0.403011
-0.408267
----Vec----
 (34.6303,0)
(-3.12646,0)
(-31.3817,0)
 
(-0.820686,0)  (0.493607,0)   (0.28764,0)
 (0.398502,0)  (0.133635,0)    (0.9074,0)
(-0.409476,0) (-0.859356,0)  (0.306414,0)
0.999821
0.0013862
0.0189216
0
-0.820686
 0.398502
-0.409476
----Vec----
 (34.4641,0)
(-3.08291,0)
(-31.2606,0)
 
(-0.820192,0)  (0.493693,0)  (0.288901,0)
 (0.399899,0)  (0.133574,0)  (0.906794,0)
(-0.409103,0) (-0.859317,0)  (0.307021,0)
0.999849
0.00127521
0.017397
0
-0.820192
 0.399899
-0.409103
R:
0.796093
0.264472
0.388673
Dot: 0.999922
 R Past:
-0.814452
 0.415716
-0.404781
Current:
-0.818593
 0.404385
-0.407895 ----Vec----
 (34.6288,0)
(-31.3798,0)
(-3.12685,0)
 
(-0.820695,0) (-0.287617,0)  (0.493607,0)
 (0.398476,0) (-0.907411,0)  (0.133636,0)
(-0.409484,0) (-0.306403,0) (-0.859357,0)
0.999979
0.00652148
0.000504822
0
-0.820695
 0.398476
-0.409484
----Vec----
 (34.8945,0)
 (-31.572,0)
(-3.19779,0)
 
(-0.821494,0) (-0.285563,0)  (0.493469,0)
   (0.3962,0) (-0.908392,0)  (0.133736,0)
(-0.410089,0) (-0.305414,0)  (-0.85942,0)
0.99996
0.00900261
0.000683725
0
-0.821494
   0.3962
-0.410089
----Vec----
 (34.9617,0)
(-3.21556,0)
(-31.6209,0)
 
(-0.821691,0)  (0.493435,0)  (0.285055,0)
 (0.395638,0)   (0.13376,0)  (0.908634,0)
(-0.410238,0) (-0.859436,0)   (0.30517,0)
0.999954
0.000728428
0.00961581
0
-0.821691
 0.395638
-0.410238
----Vec----
 (35.4338,0)
(-3.34218,0)
 (-31.962,0)
 
(-0.823077,0)  (0.493192,0)  (0.281453,0)
 (0.391645,0)  (0.133936,0)  (0.910336,0)
 (-0.41129,0) (-0.859548,0)  (0.303436,0)
0.999903
0.00104347
0.0139607
0
-0.823077
 0.391645
 -0.41129
----Vec----
 (35.9863,0)
(-32.3623,0)
(-3.48933,0)
 
(-0.824625,0)  (0.277374,0) (-0.492915,0)
 (0.387124,0)  (0.912238,0) (-0.134136,0)
(-0.412466,0)  (0.301472,0)  (0.859676,0)
0.999822
0.0188695
0.00140363
0
-0.824625
 0.387124
-0.412466
----Vec----
 (35.8117,0)
(-3.44317,0)
(-32.2354,0)
 
(-0.824148,0) (-0.493001,0)  (0.278638,0)
 (0.388525,0) (-0.134074,0)  (0.911651,0)
(-0.412103,0)  (0.859636,0)  (0.302081,0)
0.99985
0.00129128
0.0173496
0
-0.824148
 0.388525
-0.412103
R:
0.789544
0.267707
 0.38541
Dot: 0.999923
 R Past:
-0.818593
 0.404385
-0.407895
Current:
-0.822601
 0.393022
-0.410928 ----Vec----
 (35.9847,0)
(-3.48972,0)
(-32.3603,0)
 
(-0.824634,0) (-0.492914,0)  (0.277351,0)
 (0.387099,0) (-0.134137,0)  (0.912249,0)
(-0.412473,0)  (0.859676,0)  (0.301461,0)
0.999979
0.000511557
0.0065058
0
-0.824634
 0.387099
-0.412473
----Vec----
 (36.2639,0)
(-3.56489,0)
(-32.5618,0)
 
(-0.825406,0)  (0.492774,0)  (0.275292,0)
 (0.384817,0)  (0.134239,0)  (0.913199,0)
(-0.413062,0)  (-0.85974,0)  (0.300471,0)
0.99996
0.000692904
0.00897954
0
-0.825406
 0.384817
-0.413062
----Vec----
 (36.3345,0)
(-3.58372,0)
 (-32.613,0)
 
(-0.825597,0)   (0.49274,0)  (0.274783,0)
 (0.384253,0)  (0.134264,0)  (0.913432,0)
(-0.413207,0) (-0.859756,0)  (0.300226,0)
0.999954
0.000737935
0.00959052
0
-0.825597
 0.384253
-0.413207
----Vec----
 (36.8306,0)
(-3.71788,0)
(-32.9704,0)
 
(-0.826936,0) (-0.492494,0)  (0.271171,0)
 (0.380251,0) (-0.134443,0)  (0.915079,0)
 (-0.41423,0)  (0.859869,0)   (0.29849,0)
0.999904
0.00105685
0.0139226
0
-0.826936
 0.380251
 -0.41423
----Vec----
 (37.4113,0)
(-3.87385,0)
(-33.3899,0)
 
(-0.828432,0)  (0.492213,0)  (0.267084,0)
  (0.37572,0)  (0.134646,0)  (0.916919,0)
(-0.415373,0) (-0.859998,0)  (0.296524,0)
0.999823
0.00142127
0.0188158
0
-0.828432
  0.37572
-0.415373
----Vec----
 (37.2278,0)
(-3.82491,0)
 (-33.257,0)
 
(-0.827971,0)    (0.4923,0)   (0.26835,0)
 (0.377124,0)  (0.134583,0)  (0.916352,0)
(-0.415021,0) (-0.859958,0)  (0.297132,0)
0.999851
0.00130776
0.0173011
0
-0.827971
 0.377124
-0.415021
R:
0.782963
0.270851
0.382123
Dot: 0.999923
 R Past:
-0.822601
 0.393022
-0.410928
Current:
-0.826476
 0.381631
-0.413878 ----Vec----
 (37.4097,0)
(-3.87425,0)
(-33.3879,0)
 
 (-0.82844,0)  (0.492212,0)   (0.26706,0)
 (0.375694,0)  (0.134648,0)  (0.916929,0)
(-0.415381,0) (-0.859999,0)  (0.296513,0)
0.999979
0.000518352
0.00648983
0
 -0.82844
 0.375694
-0.415381
----Vec----
 (37.7032,0)
(-3.95392,0)
(-33.5991,0)
 
(-0.829186,0)  (-0.49207,0)  (0.264996,0)
 (0.373407,0) (-0.134751,0)  (0.917848,0)
(-0.415953,0)  (0.860063,0)  (0.295521,0)
0.99996
0.000701785
0.00895602
0
-0.829186
 0.373407
-0.415953
----Vec----
 (37.7775,0)
(-3.97388,0)
(-33.6527,0)
 
 (-0.82937,0)  (0.492035,0)  (0.264487,0)
 (0.372842,0)  (0.134776,0)  (0.918073,0)
(-0.416094,0)  (-0.86008,0)  (0.295276,0)
0.999955
0.000747472
0.00956504
0
 -0.82937
 0.372842
-0.416094
----Vec----
 (38.2991,0)
(-4.11607,0)
(-34.0275,0)
 
(-0.830663,0)  (0.491785,0)  (0.260867,0)
 (0.368831,0)  (0.134959,0)  (0.919665,0)
(-0.417088,0) (-0.860194,0)  (0.293537,0)
0.999904
0.00107044
0.0138838
0
-0.830663
 0.368831
-0.417088
----Vec----
 (38.9096,0)
(-4.28144,0)
(-34.4673,0)
 
(-0.832107,0)    (0.4915,0)  (0.256771,0)
 (0.364292,0)  (0.135166,0)  (0.921442,0)
(-0.418198,0) (-0.860324,0)  (0.291569,0)
0.999825
0.00143957
0.0187616
0
-0.832107
 0.364292
-0.418198
----Vec----
 (38.7167,0)
(-4.22954,0)
(-34.3279,0)
 
(-0.831662,0)  (0.491589,0)   (0.25804,0)
 (0.365698,0)  (0.135102,0)  (0.920895,0)
(-0.417856,0) (-0.860284,0)  (0.292179,0)
0.999852
0.00132453
0.0172518
0
-0.831662
 0.365698
-0.417856
R:
0.776351
0.273904
0.378812
Dot: 0.999924
 R Past:
-0.826476
 0.381631
-0.413878
Current:
-0.830219
 0.370215
-0.416746 ----Vec----
 (38.9079,0)
(-4.28184,0)
(-34.4652,0)
 
(-0.832115,0)  (0.491499,0)  (0.256747,0)
 (0.364266,0)  (0.135167,0)  (0.921453,0)
(-0.418206,0) (-0.860325,0)  (0.291559,0)
0.999979
0.000525236
0.00647329
0
-0.832115
 0.364266
-0.418206
----Vec----
 (39.2166,0)
 (-4.3663,0)
(-34.6866,0)
 
(-0.832834,0) (-0.491355,0)  (0.254679,0)
 (0.361975,0) (-0.135273,0)  (0.922339,0)
(-0.418761,0)   (0.86039,0)  (0.290566,0)
0.999961
0.000711024
0.00893177
0
-0.832834
 0.361975
-0.418761
----Vec----
 (39.2947,0)
(-34.7428,0)
(-4.38746,0)
 
(-0.833012,0)  (0.254168,0) (-0.491319,0)
 (0.361408,0)  (0.922558,0) (-0.135299,0)
(-0.418898,0)  (0.290321,0)  (0.860407,0)
0.999955
0.00953901
0.000757456
0
-0.833012
 0.361408
-0.418898
----Vec----
 (39.8433,0)
(-35.1358,0)
(-4.53821,0)
 
(-0.834259,0) (-0.250541,0)  (0.491066,0)
  (0.35739,0) (-0.924094,0)  (0.135485,0)
(-0.419863,0) (-0.288581,0) (-0.860522,0)
0.999905
0.0138443
0.00108436
0
-0.834259
  0.35739
-0.419863
----Vec----
 (40.4854,0)
(-4.71358,0)
 (-35.597,0)
 
 (-0.83565,0) (-0.490776,0)  (0.246438,0)
 (0.352843,0) (-0.135696,0)  (0.925809,0)
 (-0.42094,0)  (0.860654,0)  (0.286612,0)
0.999826
0.00145862
0.018706
0
-0.83565
0.352843
-0.42094
----Vec----
 (40.2825,0)
(-4.65853,0)
(-35.4509,0)
 
(-0.835221,0) (-0.490867,0)  (0.247709,0)
 (0.354251,0)  (-0.13563,0)  (0.925281,0)
(-0.420609,0)  (0.860613,0)  (0.287222,0)
0.999853
0.00134182
0.0172014
0
-0.835221
 0.354251
-0.420609
R:
 0.76971
0.276866
0.375478
Dot: 0.999924
 R Past:
-0.830219
 0.370215
-0.416746
Current:
-0.833831
 0.358776
-0.419531 ----Vec----
 (40.4837,0)
(-4.71399,0)
(-35.5949,0)
 
(-0.835658,0) (-0.490776,0)  (0.246413,0)
 (0.352816,0) (-0.135697,0)  (0.925819,0)
(-0.420948,0)  (0.860654,0)  (0.286601,0)
0.999979
0.000532031
0.00645632
0
-0.835658
 0.352816
-0.420948
----Vec----
 (40.8084,0)
(-4.80356,0)
(-35.8272,0)
 
(-0.836352,0)  (0.490629,0)  (0.244342,0)
 (0.350521,0)  (0.135805,0)  (0.926674,0)
(-0.421487,0) (-0.860721,0)  (0.285608,0)
0.999961
0.000720203
0.00890706
0
-0.836352
 0.350521
-0.421487
----Vec----
 (40.8905,0)
(-4.82601,0)
(-35.8861,0)
 
(-0.836522,0)  (0.490593,0)   (0.24383,0)
 (0.349954,0)  (0.135831,0)  (0.926885,0)
(-0.421619,0) (-0.860737,0)  (0.285362,0)
0.999955
0.000767171
0.0095122
0
-0.836522
 0.349954
-0.421619
----Vec----
 (41.4678,0)
(-4.98588,0)
(-36.2985,0)
 
(-0.837723,0)  (0.490336,0)  (0.240197,0)
 (0.345929,0)  (0.136021,0)  (0.928366,0)
(-0.422556,0) (-0.860854,0)  (0.283622,0)
0.999905
0.00109857
0.0138039
0
-0.837723
 0.345929
-0.422556
----Vec----
 (42.1435,0)
(-5.17193,0)
(-36.7823,0)
 
(-0.839063,0)  (0.490041,0)  (0.236087,0)
 (0.341375,0)  (0.136236,0)  (0.930019,0)
  (-0.4236,0) (-0.860987,0)  (0.281652,0)
0.999827
0.00147757
0.0186499
0
-0.839063
 0.341375
  -0.4236
----Vec----
   (41.93,0)
(-5.11351,0)
(-36.6291,0)
 
 (-0.83865,0)  (0.490133,0)  (0.237359,0)
 (0.342785,0)  (0.136169,0)   (0.92951,0)
(-0.423278,0) (-0.860946,0)  (0.282262,0)
0.999853
0.00135952
0.0171502
0
 -0.83865
 0.342785
-0.423278
R:
0.763039
0.279736
0.372122
Dot: 0.999925
 R Past:
-0.833831
 0.358776
-0.419531
Current:
-0.837311
 0.347317
-0.422233 ----Vec----
 (42.1417,0)
(-5.17234,0)
(-36.7801,0)
 
 (-0.83907,0)   (0.49004,0)  (0.236062,0)
 (0.341348,0)  (0.136238,0)  (0.930028,0)
(-0.423607,0) (-0.860988,0)  (0.281641,0)
0.99998
0.000539005
0.00643907
0
 -0.83907
 0.341348
-0.423607
----Vec----
 (42.4835,0)
(-5.26734,0)
(-37.0239,0)
 
(-0.839738,0)  (0.489892,0)  (0.233987,0)
 (0.339049,0)  (0.136347,0)  (0.930853,0)
 (-0.42413,0) (-0.861055,0)  (0.280648,0)
0.999961
0.000729591
0.00888215
0
-0.839738
 0.339049
 -0.42413
----Vec----
 (42.5699,0)
(-5.29116,0)
(-37.0857,0)
 
(-0.839902,0) (-0.489855,0)  (0.233474,0)
 (0.338481,0) (-0.136374,0)  (0.931055,0)
(-0.424258,0)  (0.861072,0)  (0.280403,0)
0.999956
0.000777125
0.00948508
0
-0.839902
 0.338481
-0.424258
----Vec----
 (43.1775,0)
(-5.46076,0)
(-37.5185,0)
 
(-0.841058,0) (-0.489593,0)  (0.229835,0)
  (0.33445,0) (-0.136568,0)  (0.932483,0)
(-0.425165,0)   (0.86119,0)  (0.278662,0)
0.999906
0.00111312
0.0137633
0
-0.841058
  0.33445
-0.425165
----Vec----
 (43.8888,0)
(-5.65818,0)
(-38.0264,0)
 
(-0.842346,0)  (0.489294,0)  (0.225719,0)
  (0.32989,0)  (0.136787,0)  (0.934073,0)
(-0.426176,0) (-0.861325,0)  (0.276693,0)
0.999828
0.00149754
0.0185931
0
-0.842346
  0.32989
-0.426176
----Vec----
  (43.664,0)
(-5.59618,0)
(-37.8655,0)
 
(-0.841949,0)  (0.489387,0)  (0.226993,0)
 (0.331302,0)  (0.136719,0)  (0.933583,0)
(-0.425865,0) (-0.861283,0)  (0.277303,0)
0.999855
0.00137764
0.0170986
0
-0.841949
 0.331302
-0.425865
R:
0.756341
0.282514
0.368744
Dot: 0.999925
 R Past:
-0.837311
 0.347317
-0.422233
Current:
-0.840661
  0.33584
-0.424853 ----Vec----
  (43.887,0)
 (-5.6586,0)
(-38.0241,0)
 
(-0.842353,0) (-0.489293,0)  (0.225694,0)
 (0.329863,0) (-0.136789,0)  (0.934082,0)
(-0.426183,0)  (0.861325,0)  (0.276682,0)
0.99998
0.000545681
0.00642133
0
-0.842353
 0.329863
-0.426183
----Vec----
 (44.2468,0)
(-5.75941,0)
  (-38.28,0)
 
(-0.842994,0)  (0.489142,0)  (0.223616,0)
 (0.327561,0)  (0.136901,0)  (0.934875,0)
 (-0.42669,0) (-0.861393,0)  (0.275689,0)
0.999961
0.000739187
0.00885645
0
-0.842994
 0.327561
 -0.42669
----Vec----
 (44.3378,0)
(-5.78469,0)
(-38.3449,0)
 
(-0.843152,0)  (0.489104,0)  (0.223103,0)
 (0.326993,0)  (0.136928,0)   (0.93507,0)
(-0.426814,0)  (-0.86141,0)  (0.275443,0)
0.999956
0.000787407
0.00945754
0
-0.843152
 0.326993
-0.426814
----Vec----
 (44.9776,0)
(-5.96467,0)
(-38.7994,0)
 
(-0.844262,0)  (0.488838,0)  (0.219458,0)
 (0.322957,0)  (0.137125,0)  (0.936443,0)
(-0.427692,0)  (-0.86153,0)  (0.273703,0)
0.999907
0.00112805
0.013722
0
-0.844262
 0.322957
-0.427692
----Vec----
 (45.7267,0)
(-39.3326,0)
(-6.17423,0)
 
(-0.845499,0)  (0.215337,0) (-0.488534,0)
 (0.318392,0)  (0.937971,0)  (-0.13735,0)
 (-0.42867,0)  (0.271735,0)  (0.861667,0)
0.999829
0.0185355
0.0015175
0
-0.845499
 0.318392
 -0.42867
----Vec----
   (45.49,0)
(-6.10841,0)
(-39.1637,0)
 
(-0.845118,0) (-0.488629,0)  (0.216613,0)
 (0.319805,0)  (-0.13728,0)  (0.937501,0)
(-0.428369,0)  (0.861624,0)  (0.272344,0)
0.999855
0.0013963
0.0170462
0
-0.845118
 0.319805
-0.428369
R:
0.749615
0.285201
0.365345
Dot: 0.999926
 R Past:
-0.840661
  0.33584
-0.424853
Current:
-0.843882
 0.324349
-0.427389 ----Vec----
 (45.7247,0)
(-6.17464,0)
(-39.3302,0)
 
(-0.845506,0)  (0.488533,0)  (0.215312,0)
 (0.318365,0)  (0.137351,0)   (0.93798,0)
(-0.428677,0) (-0.861667,0)  (0.271724,0)
0.99998
0.000552833
0.00640321
0
-0.845506
 0.318365
-0.428677
----Vec----
 (46.1037,0)
(-6.28166,0)
 (-39.599,0)
 
(-0.846122,0)  (0.488379,0)  (0.213231,0)
 (0.316061,0)  (0.137465,0)  (0.938742,0)
(-0.429166,0) (-0.861736,0)  (0.270731,0)
0.999962
0.000748992
0.00883038
0
-0.846122
 0.316061
-0.429166
----Vec----
 (46.1995,0)
(-6.30849,0)
(-39.6672,0)
 
(-0.846273,0) (-0.488341,0)  (0.212717,0)
 (0.315491,0) (-0.137493,0)   (0.93893,0)
(-0.429286,0)  (0.861753,0)  (0.270486,0)
0.999956
0.000797838
0.00942945
0
-0.846273
 0.315491
-0.429286
----Vec----
 (46.8736,0)
(-6.49954,0)
(-40.1446,0)
 
(-0.847338,0)  (0.488071,0)  (0.209068,0)
 (0.311451,0)  (0.137694,0)  (0.940248,0)
(-0.430135,0) (-0.861874,0)  (0.268746,0)
0.999907
0.0011431
0.01368
0
-0.847338
 0.311451
-0.430135
----Vec----
 (47.6627,0)
(-6.72205,0)
(-40.7047,0)
 
(-0.848524,0)  (0.487761,0)  (0.204943,0)
 (0.306883,0)  (0.137923,0)  (0.941715,0)
 (-0.43108,0) (-0.862013,0)   (0.26678,0)
0.99983
0.00153831
0.0184771
0
-0.848524
 0.306883
 -0.43108
----Vec----
 (47.4134,0)
(-6.65214,0)
(-40.5273,0)
 
(-0.848159,0)  (0.487857,0)   (0.20622,0)
 (0.308297,0)  (0.137852,0)  (0.941263,0)
 (-0.43079,0)  (-0.86197,0)  (0.267389,0)
0.999856
0.00141519
0.0169931
0
-0.848159
 0.308297
 -0.43079
R:
0.742864
0.287796
0.361926
Dot: 0.999926
 R Past:
-0.843882
 0.324349
-0.427389
Current:
-0.846973
 0.312845
-0.429843 ----Vec----
 (47.6608,0)
(-6.72248,0)
(-40.7023,0)
 
(-0.848531,0)  (-0.48776,0)  (0.204917,0)
 (0.306855,0) (-0.137925,0)  (0.941724,0)
(-0.431087,0)  (0.862013,0)  (0.266769,0)
0.99998
0.000559986
0.00638504
0
-0.848531
 0.306855
-0.431087
----Vec----
 (48.0601,0)
(-6.83609,0)
(-40.9846,0)
 
(-0.849121,0) (-0.487603,0)  (0.202834,0)
 (0.304549,0) (-0.138041,0)  (0.942455,0)
 (-0.43156,0)  (0.862083,0)  (0.265777,0)
0.999962
0.000758797
0.00880411
0
-0.849121
 0.304549
 -0.43156
----Vec----
 (48.1611,0)
(-6.86459,0)
(-41.0563,0)
 
(-0.849266,0) (-0.487564,0)   (0.20232,0)
 (0.303979,0)  (-0.13807,0)  (0.942634,0)
(-0.431676,0)  (0.862101,0)  (0.265532,0)
0.999956
0.000808388
0.00940114
0
-0.849266
 0.303979
-0.431676
----Vec----
 (48.8714,0)
(-7.06746,0)
(-41.5579,0)
 
(-0.850286,0)  (0.487289,0)  (0.198667,0)
 (0.299935,0)  (0.138275,0)  (0.943898,0)
(-0.432496,0) (-0.862224,0)  (0.263794,0)
0.999908
0.00115845
0.0136376
0
-0.850286
 0.299935
-0.432496
----Vec----
 (49.7032,0)
(-7.30379,0)
(-42.1465,0)
 
(-0.851421,0)  (0.486973,0)  (0.194538,0)
 (0.295364,0)  (0.138508,0)  (0.945304,0)
(-0.433408,0) (-0.862365,0)  (0.261831,0)
0.999831
0.00155956
0.0184185
0
-0.851421
 0.295364
-0.433408
----Vec----
 (49.4404,0)
(-7.22953,0)
(-41.9601,0)
 
(-0.851071,0)  (0.487072,0)  (0.195816,0)
 (0.296779,0)  (0.138436,0)  (0.944871,0)
(-0.433128,0)  (-0.86232,0)  (0.262439,0)
0.999857
0.00143445
0.0169395
0
-0.851071
 0.296779
-0.433128
R:
0.736089
0.290299
0.358487
Dot: 0.999927
 R Past:
-0.846973
 0.312845
-0.429843
Current:
-0.849936
  0.30133
-0.432214 ----Vec----
 (49.7012,0)
(-7.30423,0)
(-42.1441,0)
 
(-0.851427,0) (-0.486973,0)  (0.194512,0)
 (0.295336,0)  (-0.13851,0)  (0.945313,0)
(-0.433415,0)  (0.862365,0)  (0.261819,0)
0.99998
0.000567198
0.00636643
0
-0.851427
 0.295336
-0.433415
----Vec----
 (50.1221,0)
 (-7.4249,0)
(-42.4409,0)
 
(-0.851992,0)  (0.486813,0)  (0.192427,0)
 (0.293028,0)  (0.138628,0)  (0.946013,0)
(-0.433871,0) (-0.862435,0)  (0.260829,0)
0.999962
0.00076884
0.0087775
0
-0.851992
 0.293028
-0.433871
----Vec----
 (50.2286,0)
(-7.45518,0)
(-42.5162,0)
 
(-0.852131,0)  (0.486774,0)  (0.191913,0)
 (0.292458,0)  (0.138658,0)  (0.946185,0)
(-0.433983,0) (-0.862453,0)  (0.260584,0)
0.999957
0.000819147
0.00937234
0
-0.852131
 0.292458
-0.433983
----Vec----
 (50.9775,0)
(-7.67067,0)
(-43.0436,0)
 
(-0.853106,0) (-0.486493,0)  (0.188256,0)
 (0.288412,0) (-0.138867,0)  (0.947395,0)
(-0.434774,0)  (0.862578,0)  (0.258849,0)
0.999908
0.00117466
0.0135948
0
-0.853106
 0.288412
-0.434774
----Vec----
 (51.8545,0)
(-7.92177,0)
(-43.6624,0)
 
(-0.854191,0)  (0.486172,0)  (0.184125,0)
 (0.283839,0)  (0.139105,0)   (0.94874,0)
(-0.435652,0) (-0.862721,0)  (0.256888,0)
0.999832
0.00158137
0.0183591
0
-0.854191
 0.283839
-0.435652
----Vec----
 (51.5775,0)
(-7.84286,0)
(-43.4665,0)
 
(-0.853857,0)  (0.486272,0)  (0.185403,0)
 (0.285254,0)  (0.139031,0)  (0.948326,0)
(-0.435382,0) (-0.862676,0)  (0.257495,0)
0.999858
0.00145465
0.0168855
0
-0.853857
 0.285254
-0.435382
R:
0.729289
0.292709
 0.35503
Dot: 0.999927
 R Past:
-0.849936
  0.30133
-0.432214
Current:
-0.852772
 0.289808
-0.434501 ----Vec----
 (51.8525,0)
(-7.92223,0)
(-43.6599,0)
 
(-0.854197,0)  (0.486171,0)  (0.184098,0)
  (0.28381,0)  (0.139107,0)  (0.948748,0)
(-0.435659,0) (-0.862721,0)  (0.256876,0)
0.99998
0.00057444
0.00634755
0
-0.854197
  0.28381
-0.435659
----Vec----
 (52.2964,0)
(-8.05043,0)
 (-43.972,0)
 
(-0.854737,0) (-0.486009,0)  (0.182012,0)
 (0.281501,0) (-0.139228,0)  (0.949418,0)
(-0.436099,0)  (0.862793,0)  (0.255887,0)
0.999962
0.000779182
0.00875057
0
-0.854737
 0.281501
-0.436099
----Vec----
 (52.4086,0)
(-8.08261,0)
(-44.0512,0)
 
(-0.854869,0)  (0.485968,0)  (0.181497,0)
 (0.280931,0)  (0.139258,0)  (0.949582,0)
(-0.436207,0) (-0.862811,0)  (0.255643,0)
0.999957
0.000829995
0.00934321
0
-0.854869
 0.280931
-0.436207
----Vec----
 (53.1987,0)
(-8.31158,0)
(-44.6059,0)
 
(-0.855801,0)  (0.485682,0)  (0.177838,0)
 (0.276883,0)  (0.139472,0)  (0.950738,0)
(-0.436968,0) (-0.862937,0)   (0.25391,0)
0.999909
0.00119075
0.0135516
0
-0.855801
 0.276883
-0.436968
----Vec----
 (54.1238,0)
(-45.2568,0)
(-8.57848,0)
 
(-0.856835,0) (-0.173704,0)  (0.485355,0)
 (0.272309,0) (-0.952022,0)  (0.139715,0)
(-0.437814,0) (-0.251953,0) (-0.863082,0)
0.999833
0.0182993
0.00160363
0
-0.856835
 0.272309
-0.437814
----Vec----
 (53.8315,0)
(-8.49459,0)
(-45.0507,0)
 
(-0.856517,0)  (0.485457,0)  (0.174983,0)
 (0.273724,0)  (0.139639,0)  (0.951628,0)
(-0.437554,0) (-0.863037,0)  (0.252559,0)
0.999859
0.00147498
0.0168311
0
-0.856517
 0.273724
-0.437554
R:
0.722467
0.295028
0.351554
Dot: 0.999927
 R Past:
-0.852772
 0.289808
-0.434501
Current:
-0.855482
 0.278279
-0.436706 ----Vec----
 (54.1216,0)
(-8.57894,0)
(-45.2542,0)
 
(-0.856841,0)  (0.485354,0)  (0.173677,0)
 (0.272279,0)  (0.139716,0)   (0.95203,0)
(-0.437821,0) (-0.863082,0)  (0.251941,0)
0.999981
0.000581831
0.00632839
0
-0.856841
 0.272279
-0.437821
----Vec----
 (54.5901,0)
 (-8.7152,0)
(-45.5826,0)
 
(-0.857356,0)  (0.485189,0)   (0.17159,0)
  (0.26997,0)   (0.13984,0)   (0.95267,0)
(-0.438244,0) (-0.863155,0)  (0.250954,0)
0.999963
0.000789672
0.00872341
0
-0.857356
  0.26997
-0.438244
----Vec----
 (54.7085,0)
(-8.74941,0)
(-45.6659,0)
 
(-0.857482,0)  (0.485147,0)  (0.171075,0)
   (0.2694,0)   (0.13987,0)  (0.952826,0)
(-0.438347,0) (-0.863173,0)   (0.25071,0)
0.999957
0.000841439
0.009314
0
-0.857482
   0.2694
-0.438347
----Vec----
 (55.5422,0)
 (-8.9928,0)
(-46.2496,0)
 
(-0.858369,0)  (0.484856,0)  (0.167414,0)
 (0.265351,0)  (0.140088,0)  (0.953929,0)
 (-0.43908,0) (-0.863302,0)  (0.248981,0)
0.99991
0.00120711
0.0135081
0
-0.858369
 0.265351
 -0.43908
----Vec----
 (56.5186,0)
(-9.27658,0)
(-46.9345,0)
 
(-0.859354,0)  (0.484522,0)  (0.163278,0)
 (0.260776,0)  (0.140336,0)  (0.955153,0)
(-0.439893,0) (-0.863449,0)  (0.247028,0)
0.999834
0.00162628
0.0182393
0
-0.859354
 0.260776
-0.439893
----Vec----
 (56.2101,0)
(-9.18736,0)
(-46.7177,0)
 
(-0.859051,0) (-0.484626,0)  (0.164558,0)
 (0.262191,0)  (-0.14026,0)  (0.954777,0)
(-0.439644,0)  (0.863403,0)  (0.247632,0)
0.99986
0.00149563
0.0167764
0
-0.859051
 0.262191
-0.439644
R:
0.715623
0.297254
 0.34806
Dot: 0.999928
 R Past:
-0.855482
 0.278279
-0.436706
Current:
-0.858065
 0.266747
-0.438828 ----Vec----
 (56.5163,0)
(-9.27704,0)
(-46.9318,0)
 
 (-0.85936,0)  (0.484521,0)  (0.163251,0)
 (0.260747,0)  (0.140338,0)  (0.955161,0)
  (-0.4399,0) (-0.863449,0)  (0.247016,0)
0.999981
0.000589311
0.00630905
0
-0.85936
0.260747
 -0.4399
----Vec----
 (57.0108,0)
(-9.42193,0)
(-47.2775,0)
 
 (-0.85985,0)  (0.484353,0)  (0.161163,0)
 (0.258437,0)  (0.140464,0)   (0.95577,0)
(-0.440306,0) (-0.863523,0)  (0.246031,0)
0.999963
0.000800163
0.00869586
0
 -0.85985
 0.258437
-0.440306
----Vec----
 (57.1359,0)
(-9.45831,0)
(-47.3652,0)
 
 (-0.85997,0)  (0.484311,0)  (0.160647,0)
 (0.257867,0)  (0.140495,0)  (0.955919,0)
(-0.440406,0) (-0.863542,0)  (0.245788,0)
0.999958
0.000852555
0.0092845
0
 -0.85997
 0.257867
-0.440406
----Vec----
  (58.016,0)
(-9.71711,0)
(-47.9797,0)
 
(-0.860813,0) (-0.484013,0)  (0.156985,0)
 (0.253817,0) (-0.140718,0)  (0.956969,0)
(-0.441109,0)  (0.863672,0)  (0.244062,0)
0.99991
0.00122428
0.0134645
0
-0.860813
 0.253817
-0.441109
----Vec----
 (59.0469,0)
 (-10.019,0)
(-48.7008,0)
 
(-0.861749,0) (-0.483673,0)  (0.152848,0)
 (0.249243,0) (-0.140971,0)  (0.958133,0)
 (-0.44189,0)  (0.863822,0)  (0.242115,0)
0.999835
0.00164947
0.0181789
0
-0.861749
 0.249243
 -0.44189
----Vec----
 (58.7212,0)
(-9.92404,0)
(-48.4725,0)
 
(-0.861461,0)  (0.483779,0)  (0.154128,0)
 (0.250658,0)  (0.140893,0)  (0.957775,0)
 (-0.44165,0) (-0.863775,0)  (0.242717,0)
0.999861
0.00151679
0.0167213
0
-0.861461
 0.250658
 -0.44165
R:
0.708759
0.299388
0.344549
Dot: 0.999928
 R Past:
-0.858065
 0.266747
-0.438828
Current:
-0.860524
 0.255214
-0.440867 ----Vec----
 (59.0446,0)
(-10.0194,0)
 (-48.698,0)
 
(-0.861755,0) (-0.483672,0)  (0.152821,0)
 (0.249213,0) (-0.140973,0)   (0.95814,0)
(-0.441896,0)  (0.863822,0)  (0.242102,0)
0.999981
0.00059703
0.00628942
0
-0.861755
 0.249213
-0.441896
----Vec----
 (59.5668,0)
 (-49.062,0)
(-10.1735,0)
 
(-0.862219,0)  (0.150732,0)   (-0.4835,0)
 (0.246903,0)  (0.958718,0) (-0.141101,0)
(-0.442286,0)   (0.24112,0)  (0.863897,0)
0.999963
0.00866821
0.00081116
0
-0.862219
 0.246903
-0.442286
----Vec----
 (59.6988,0)
(-10.2122,0)
(-49.1544,0)
 
(-0.862333,0)  (0.483457,0)  (0.150217,0)
 (0.246334,0)  (0.141133,0)   (0.95886,0)
(-0.442381,0) (-0.863916,0)  (0.240877,0)
0.999958
0.000864297
0.0092545
0
-0.862333
 0.246334
-0.442381
----Vec----
 (60.6285,0)
(-10.4875,0)
(-49.8015,0)
 
(-0.863134,0)  (0.483154,0)  (0.146553,0)
 (0.242284,0)   (0.14136,0)  (0.959857,0)
(-0.443056,0) (-0.864048,0)  (0.239156,0)
0.999911
0.00124133
0.0134203
0
-0.863134
 0.242284
-0.443056
----Vec----
 (61.7174,0)
(-10.8087,0)
(-50.5611,0)
 
(-0.864021,0)  (0.482807,0)  (0.142416,0)
 (0.237711,0)  (0.141619,0)  (0.960962,0)
(-0.443803,0)   (-0.8642,0)  (0.237214,0)
0.999836
0.00167349
0.0181183
0
-0.864021
 0.237711
-0.443803
----Vec----
 (61.3734,0)
(-10.7077,0)
(-50.3206,0)
 
(-0.863748,0)  (0.482915,0)  (0.143696,0)
 (0.239126,0)  (0.141538,0)  (0.960622,0)
(-0.443574,0) (-0.864153,0)  (0.237815,0)
0.999862
0.00153881
0.0166657
0
-0.863748
 0.239126
-0.443574
R:
0.701875
 0.30143
0.341022
Dot: 0.999929
 R Past:
-0.860524
 0.255214
-0.440867
Current:
 -0.86286
 0.243681
-0.442823 ----Vec----
  (61.715,0)
(-10.8092,0)
(-50.5582,0)
 
(-0.864026,0) (-0.482806,0)  (0.142389,0)
 (0.237681,0)  (-0.14162,0)  (0.960969,0)
 (-0.44381,0)    (0.8642,0)  (0.237202,0)
0.999981
0.000604868
0.0062698
0
-0.864026
 0.237681
 -0.44381
----Vec----
 (62.2668,0)
(-50.9417,0)
(-10.9731,0)
 
(-0.864466,0) (-0.140299,0)   (0.48263,0)
 (0.235372,0) (-0.961517,0)  (0.141752,0)
(-0.444183,0) (-0.236222,0) (-0.864277,0)
0.999963
0.00864019
0.000822097
0
-0.864466
 0.235372
-0.444183
----Vec----
 (62.4063,0)
(-11.0143,0)
 (-51.039,0)
 
(-0.864574,0)  (0.482587,0)  (0.139784,0)
 (0.234802,0)  (0.141784,0)  (0.961652,0)
(-0.444274,0) (-0.864296,0)   (0.23598,0)
0.999958
0.000876188
0.00922469
0
-0.864574
 0.234802
-0.444274
----Vec----
 (63.3886,0)
(-11.3073,0)
 (-51.721,0)
 
(-0.865331,0)  (0.482277,0)   (0.13612,0)
 (0.230754,0)  (0.142016,0)  (0.962596,0)
 (-0.44492,0) (-0.864431,0)  (0.234264,0)
0.999911
0.00125915
0.0133762
0
-0.865331
 0.230754
 -0.44492
----Vec----
 (64.5396,0)
(-11.6491,0)
(-52.5214,0)
 
 (-0.86617,0)  (0.481923,0)  (0.131983,0)
 (0.226183,0)  (0.142279,0)  (0.963641,0)
(-0.445635,0) (-0.864585,0)  (0.232329,0)
0.999838
0.00169769
0.0180574
0
 -0.86617
 0.226183
-0.445635
----Vec----
 (64.1759,0)
(-11.5416,0)
 (-52.268,0)
 
(-0.865912,0)  (0.482033,0)  (0.133263,0)
 (0.227597,0)  (0.142198,0)   (0.96332,0)
(-0.445416,0) (-0.864537,0)  (0.232927,0)
0.999863
0.0015609
0.0166104
0
-0.865912
 0.227597
-0.445416
R:
0.694972
0.303379
 0.33748
Dot: 0.999929
 R Past:
 -0.86286
 0.243681
-0.442823
Current:
-0.865072
 0.232151
-0.444698 ----Vec----
  (64.537,0)
(-11.6496,0)
(-52.5184,0)
 
(-0.866175,0)  (0.481922,0)  (0.131956,0)
 (0.226153,0)  (0.142281,0)  (0.963648,0)
(-0.445641,0) (-0.864585,0)  (0.232316,0)
0.999981
0.000612676
0.00624989
0
-0.866175
 0.226153
-0.445641
----Vec----
 (65.1203,0)
(-11.8241,0)
(-52.9227,0)
 
(-0.866591,0)  (0.481742,0)  (0.129866,0)
 (0.223845,0)  (0.142415,0)  (0.964166,0)
(-0.445998,0) (-0.864663,0)  (0.231339,0)
0.999964
0.000833362
0.00861216
0
-0.866591
 0.223845
-0.445998
----Vec----
 (65.2677,0)
 (-11.868,0)
(-53.0252,0)
 
(-0.866693,0) (-0.481698,0)  (0.129351,0)
 (0.223275,0) (-0.142448,0)  (0.964294,0)
(-0.446085,0)  (0.864682,0)  (0.231098,0)
0.999958
0.000888377
0.00919455
0
-0.866693
 0.223275
-0.446085
----Vec----
 (66.3064,0)
(-12.1799,0)
(-53.7442,0)
 
(-0.867408,0) (-0.481382,0)  (0.125687,0)
 (0.219228,0) (-0.142685,0)  (0.965186,0)
(-0.446702,0)  (0.864819,0)  (0.229388,0)
0.999912
0.00127739
0.0133318
0
-0.867408
 0.219228
-0.446702
----Vec----
 (67.5232,0)
(-12.5439,0)
(-54.5881,0)
 
(-0.868198,0)  (-0.48102,0)  (0.121551,0)
  (0.21466,0) (-0.142953,0)  (0.966172,0)
(-0.447384,0)  (0.864976,0)  (0.227458,0)
0.999838
0.00172275
0.0179964
0
-0.868198
  0.21466
-0.447384
----Vec----
 (67.1388,0)
(-12.4294,0)
 (-54.321,0)
 
(-0.867955,0) (-0.481133,0)   (0.12283,0)
 (0.216073,0)  (-0.14287,0)  (0.965869,0)
(-0.447176,0)  (0.864927,0)  (0.228055,0)
0.999864
0.0015839
0.0165547
0
-0.867955
 0.216073
-0.447176
R:
0.688051
0.305236
0.333922
Dot: 0.99993
 R Past:
-0.865072
 0.232151
-0.444698
Current:
-0.867163
 0.220624
 -0.44649 ----Vec----
 (67.5207,0)
(-12.5444,0)
 (-54.585,0)
 
(-0.868203,0)  (0.481019,0)  (0.121523,0)
  (0.21463,0)  (0.142955,0)  (0.966178,0)
 (-0.44739,0) (-0.864977,0)  (0.227446,0)
0.999981
0.000620812
0.00622986
0
-0.868203
  0.21463
 -0.44739
----Vec----
 (68.1375,0)
(-12.7302,0)
(-55.0114,0)
 
(-0.868594,0)  (0.480836,0)  (0.119434,0)
 (0.212323,0)  (0.143092,0)  (0.966667,0)
(-0.447731,0) (-0.865056,0)  (0.226473,0)
0.999964
0.000844866
0.00858405
0
-0.868594
 0.212323
-0.447731
----Vec----
 (68.2934,0)
(-12.7769,0)
(-55.1194,0)
 
 (-0.86869,0)   (0.48079,0)  (0.118919,0)
 (0.211754,0)  (0.143126,0)  (0.966787,0)
(-0.447814,0) (-0.865075,0)  (0.226233,0)
0.999959
0.000900745
0.00916421
0
 -0.86869
 0.211754
-0.447814
----Vec----
  (69.392,0)
(-13.1091,0)
(-55.8779,0)
 
(-0.869363,0)  (0.480468,0)  (0.115256,0)
 (0.207709,0)  (0.143367,0)  (0.967628,0)
(-0.448402,0) (-0.865215,0)  (0.224528,0)
0.999912
0.00129595
0.0132873
0
-0.869363
 0.207709
-0.448402
----Vec----
 (70.6794,0)
(-13.4968,0)
(-56.7681,0)
 
(-0.870106,0) (-0.480098,0)  (0.111121,0)
 (0.203145,0) (-0.143641,0)  (0.968555,0)
(-0.449052,0)  (0.865375,0)  (0.222606,0)
0.99984
0.0017482
0.0179353
0
-0.870106
 0.203145
-0.449052
----Vec----
 (70.2727,0)
(-13.3748,0)
(-56.4863,0)
 
(-0.869878,0) (-0.480214,0)  (0.112399,0)
 (0.204556,0) (-0.143556,0)  (0.968271,0)
(-0.448853,0)  (0.865325,0)    (0.2232,0)
0.999865
0.00160712
0.0164988
0
-0.869878
 0.204556
-0.448853
R:
0.681114
0.307001
 0.33035
Dot: 0.99993
 R Past:
-0.867163
 0.220624
 -0.44649
Current:
-0.869133
 0.209105
  -0.4482 ----Vec----
 (70.6767,0)
(-13.4973,0)
(-56.7649,0)
 
 (-0.87011,0) (-0.480097,0)  (0.111093,0)
 (0.203114,0) (-0.143643,0)  (0.968561,0)
(-0.449058,0)  (0.865375,0)  (0.222594,0)
0.999981
0.000629097
0.00620975
0
 -0.87011
 0.203114
-0.449058
----Vec----
 (71.3294,0)
(-57.2148,0)
(-13.6953,0)
 
(-0.870478,0)  (0.109004,0)  (-0.47991,0)
 (0.200808,0)  (0.969021,0) (-0.143783,0)
(-0.449382,0)  (0.221624,0)  (0.865455,0)
0.999964
0.0085559
0.000856906
0
-0.870478
 0.200808
-0.449382
----Vec----
 (71.4944,0)
(-57.3288,0)
(-13.7451,0)
 
(-0.870568,0) (-0.108489,0)  (0.479864,0)
  (0.20024,0) (-0.969133,0)  (0.143817,0)
(-0.449461,0) (-0.221385,0) (-0.865475,0)
0.999959
0.009134
0.000913471
0
-0.870568
  0.20024
-0.449461
----Vec----
 (72.6571,0)
 (-14.099,0)
(-58.1292,0)
 
(-0.871199,0) (-0.479534,0)  (0.104827,0)
 (0.196198,0) (-0.144063,0)  (0.969922,0)
(-0.450021,0)  (0.865617,0)  (0.219687,0)
0.999913
0.00131485
0.0132429
0
-0.871199
 0.196198
-0.450021
----Vec----
 (74.0196,0)
(-14.5122,0)
(-59.0687,0)
 
(-0.871895,0) (-0.479156,0)  (0.100694,0)
 (0.191638,0) (-0.144343,0)  (0.970791,0)
(-0.450638,0)   (0.86578,0)  (0.217773,0)
0.999841
0.00177443
0.0178741
0
-0.871895
 0.191638
-0.450638
----Vec----
 (73.5891,0)
(-14.3822,0)
(-58.7714,0)
 
(-0.871681,0)  (0.479274,0)  (0.101972,0)
 (0.193048,0)  (0.144256,0)  (0.970525,0)
(-0.450449,0) (-0.865729,0)  (0.218365,0)
0.999865
0.0016312
0.0164431
0
-0.871681
 0.193048
-0.450449
R:
0.674161
0.308674
0.326765
Dot: 0.999931
 R Past:
-0.869133
 0.209105
  -0.4482
Current:
-0.870983
 0.197593
-0.449828 ----Vec----
 (74.0168,0)
(-14.5127,0)
(-59.0655,0)
 
(-0.871899,0)  (0.479155,0)  (0.100666,0)
 (0.191606,0)  (0.144345,0)  (0.970797,0)
(-0.450644,0)  (-0.86578,0)   (0.21776,0)
0.999981
0.000637323
0.00618953
0
-0.871899
 0.191606
-0.450644
----Vec----
 (74.7077,0)
(-14.7237,0)
(-59.5404,0)
 
(-0.872242,0)  (0.478964,0) (0.0985776,0)
 (0.189303,0)  (0.144487,0)  (0.971227,0)
(-0.450952,0) (-0.865862,0)  (0.216794,0)
0.999964
0.000868738
0.00852761
0
-0.872242
 0.189303
-0.450952
----Vec----
 (74.8824,0)
(-59.6608,0)
(-14.7768,0)
 
(-0.872327,0) (-0.098063,0)  (0.478917,0)
 (0.188735,0) (-0.971333,0)  (0.144522,0)
(-0.451027,0) (-0.216557,0) (-0.865882,0)
0.999959
0.00910362
0.000926286
0
-0.872327
 0.188735
-0.451027
----Vec----
 (76.1135,0)
(-15.1539,0)
(-60.5059,0)
 
(-0.872916,0)   (0.47858,0) (0.0944023,0)
 (0.184697,0)  (0.144773,0)   (0.97207,0)
(-0.451558,0) (-0.866027,0)  (0.214866,0)
0.999913
0.0013341
0.0131984
0
-0.872916
 0.184697
-0.451558
----Vec----
 (77.5565,0)
(-15.5946,0)
(-61.4981,0)
 
(-0.873565,0) (-0.478194,0)  (0.090272,0)
 (0.180141,0) (-0.145058,0)  (0.972882,0)
(-0.452143,0)  (0.866192,0)  (0.212961,0)
0.999842
0.00180107
0.0178131
0
-0.873565
 0.180141
-0.452143
----Vec----
 (77.1005,0)
(-15.4559,0)
 (-61.184,0)
 
(-0.873366,0)  (0.478314,0) (0.0915486,0)
  (0.18155,0)   (0.14497,0)  (0.972633,0)
(-0.451964,0)  (-0.86614,0)  (0.213549,0)
0.999866
0.00165552
0.0163874
0
-0.873366
  0.18155
-0.451964
R:
0.667193
0.310255
0.323166
Dot: 0.999931
 R Past:
-0.870983
 0.197593
-0.449828
Current:
-0.872715
  0.18609
-0.451375 ----Vec----
 (77.5536,0)
(-15.5951,0)
(-61.4946,0)
 
(-0.873569,0)  (0.478193,0) (0.0902431,0)
  (0.18011,0)   (0.14506,0)  (0.972887,0)
(-0.452148,0) (-0.866192,0)  (0.212947,0)
0.999982
0.000646025
0.0061692
0
-0.873569
  0.18011
-0.452148
----Vec----
 (78.2853,0)
  (-15.82,0)
(-61.9963,0)
 
(-0.873889,0) (-0.477998,0) (0.0881563,0)
 (0.177809,0) (-0.145205,0)  (0.973288,0)
 (-0.45244,0)  (0.866276,0)  (0.211986,0)
0.999965
0.000880927
0.00849903
0
-0.873889
 0.177809
 -0.45244
----Vec----
 (78.4703,0)
(-15.8766,0)
(-62.1234,0)
 
(-0.873967,0)  (0.477949,0) (0.0876419,0)
 (0.177241,0)  (0.145241,0)  (0.973386,0)
(-0.452511,0) (-0.866297,0)   (0.21175,0)
0.999959
0.000939399
0.00907294
0
-0.873967
 0.177241
-0.452511
----Vec----
 (79.7746,0)
(-16.2788,0)
(-63.0163,0)
 
(-0.874516,0)  (0.477604,0) (0.0839829,0)
 (0.173208,0)  (0.145497,0)  (0.974073,0)
(-0.453014,0) (-0.866444,0)  (0.210066,0)
0.999914
0.0013541
0.0131538
0
-0.874516
 0.173208
-0.453014
----Vec----
 (81.3033,0)
(-16.7487,0)
(-64.0645,0)
 
(-0.875118,0)   (0.47721,0) (0.0798557,0)
 (0.168657,0)  (0.145788,0)  (0.974827,0)
(-0.453566,0) (-0.866612,0)   (0.20817,0)
0.999843
0.00182837
0.017752
0
-0.875118
 0.168657
-0.453566
----Vec----
 (80.8203,0)
(-63.7327,0)
(-16.6008,0)
 
 (-0.874934,0) (-0.0811312,0)   (0.477333,0)
  (0.170064,0)  (-0.974597,0)   (0.145698,0)
 (-0.453397,0)  (-0.208756,0)  (-0.866559,0)
0.999867
0.0163314
0.00168052
0
-0.874934
 0.170064
-0.453397
R:
0.660211
0.311743
0.319555
Dot: 0.999932
 R Past:
-0.872715
  0.18609
-0.451375
Current:
-0.874329
 0.174599
 -0.45284 ----Vec----
 (81.3004,0)
(-16.7493,0)
 (-64.061,0)
 
(-0.875122,0)  (0.477209,0) (0.0798265,0)
 (0.168625,0)   (0.14579,0)  (0.974833,0)
(-0.453572,0) (-0.866612,0)  (0.208157,0)
0.999982
0.000654757
0.0061488
0
-0.875122
 0.168625
-0.453572
----Vec----
 (82.0759,0)
(-16.9892,0)
(-64.5911,0)
 
(-0.875419,0)  (0.477009,0) (0.0777408,0)
 (0.166327,0)  (0.145938,0)  (0.975205,0)
(-0.453847,0) (-0.866697,0)    (0.2072,0)
0.999965
0.000893652
0.00847057
0
-0.875419
 0.166327
-0.453847
----Vec----
  (82.272,0)
(-17.0496,0)
(-64.7255,0)
 
(-0.875492,0) (-0.476959,0) (0.0772268,0)
  (0.16576,0) (-0.145974,0)  (0.975296,0)
(-0.453914,0)  (0.866719,0)  (0.206964,0)
0.99996
0.000953019
0.00904256
0
-0.875492
  0.16576
-0.453914
----Vec----
 (83.6544,0)
(-17.4786,0)
(-65.6693,0)
 
(-0.875999,0)  (0.476607,0) (0.0735702,0)
 (0.161731,0)  (0.146235,0)  (0.975932,0)
(-0.454389,0) (-0.866868,0)  (0.205289,0)
0.999915
0.00137421
0.0131093
0
-0.875999
 0.161731
-0.454389
----Vec----
 (85.2751,0)
(-17.9801,0)
(-66.7774,0)
 
(-0.876556,0)  (0.476204,0) (0.0694461,0)
 (0.157187,0)  (0.146532,0)  (0.976629,0)
(-0.454909,0)  (-0.86704,0)  (0.203402,0)
0.999844
0.00185645
0.0176913
0
-0.876556
 0.157187
-0.454909
----Vec----
  (84.763,0)
(-17.8222,0)
(-66.4267,0)
 
(-0.876385,0)  (0.476329,0) (0.0707205,0)
 (0.158591,0)   (0.14644,0)  (0.976416,0)
 (-0.45475,0) (-0.866987,0)  (0.203985,0)
0.999868
0.00170633
0.016276
0
-0.876385
 0.158591
 -0.45475
R:
0.653217
 0.31314
0.315933
Dot: 0.999932
 R Past:
-0.874329
 0.174599
 -0.45284
Current:
-0.875826
 0.163121
-0.454225 ----Vec----
  (85.272,0)
(-17.9806,0)
(-66.7737,0)
 
(-0.876559,0)  (0.476202,0) (0.0694166,0)
 (0.157155,0)  (0.146534,0)  (0.976634,0)
(-0.454914,0)  (-0.86704,0)  (0.203389,0)
0.999982
0.000663847
0.00612829
0
-0.876559
 0.157155
-0.454914
----Vec----
 (86.0943,0)
(-18.2367,0)
(-67.3344,0)
 
(-0.876833,0) (-0.475998,0) (0.0673325,0)
 (0.154859,0) (-0.146685,0)  (0.976978,0)
(-0.455174,0)  (0.867127,0)  (0.202437,0)
0.999965
0.000906348
0.00844209
0
-0.876833
 0.154859
-0.455174
----Vec----
 (86.3021,0)
(-18.3011,0)
(-67.4764,0)
 
  (-0.8769,0)  (0.475948,0) (0.0668192,0)
 (0.154293,0)  (0.146722,0)  (0.977062,0)
(-0.455237,0) (-0.867149,0)  (0.202203,0)
0.99996
0.000966787
0.00901189
0
  -0.8769
 0.154293
-0.455237
----Vec----
 (87.7682,0)
(-18.7591,0)
(-68.4746,0)
 
(-0.877367,0)  (0.475587,0) (0.0631652,0)
 (0.150269,0)  (0.146988,0)  (0.977648,0)
(-0.455683,0) (-0.867301,0)  (0.200536,0)
0.999915
0.0013949
0.0130648
0
-0.877367
 0.150269
-0.455683
----Vec----
 (89.4872,0)
(-19.2944,0)
(-69.6467,0)
 
(-0.877878,0)  (0.475175,0) (0.0590449,0)
 (0.145732,0)   (0.14729,0)  (0.978288,0)
(-0.456171,0) (-0.867476,0)  (0.198659,0)
0.999845
0.00188515
0.0176303
0
-0.877878
 0.145732
-0.456171
----Vec----
 (88.9441,0)
(-19.1259,0)
(-69.2757,0)
 
(-0.877722,0)  (0.475303,0) (0.0603179,0)
 (0.147134,0)  (0.147196,0)  (0.978093,0)
(-0.456022,0) (-0.867421,0)  (0.199239,0)
0.999869
0.00173241
0.0162203
0
-0.877722
 0.147134
-0.456022
R:
 0.64621
0.314445
0.312299
Dot: 0.999933
 R Past:
-0.875826
 0.163121
-0.454225
Current:
-0.877208
 0.151658
-0.455529 ----Vec----
 (89.4839,0)
(-19.2949,0)
(-69.6428,0)
 
 (0.877881,0) (-0.475173,0)  (0.059015,0)
(-0.145699,0) (-0.147292,0)  (0.978293,0)
 (0.456176,0)  (0.867476,0)  (0.198646,0)
0.999982
0.000672907
0.006108
0
 0.877881
-0.145699
 0.456176
----Vec----
  (88.621,0)
(-19.0252,0)
(-69.0554,0)
 
 (0.877626,0) (-0.475381,0) (0.0610899,0)
(-0.147984,0)  (-0.14714,0)  (0.977973,0)
 (0.455931,0)  (0.867389,0)  (0.199591,0)
0.999993
0.000427812
0.00380915
0
 0.877626
-0.147984
 0.455931
----Vec----
 (88.4077,0)
(-18.9582,0)
(-68.9106,0)
 
(-0.877561,0)  (0.475433,0) (0.0616163,0)
 (0.148563,0)  (0.147101,0)  (0.977891,0)
(-0.455868,0) (-0.867367,0)   (0.19983,0)
0.999995
0.000366151
0.00322585
0
-0.877561
 0.148563
-0.455868
----Vec----
 (97.6791,0)
(-21.8972,0)
(-75.1806,0)
 
 (0.880004,0)  (-0.47324,0) (0.0399067,0)
(-0.124678,0) (-0.148726,0)  (0.980973,0)
  (0.45831,0)  (0.868288,0)  (0.189996,0)
0.999628
0.00295648
0.0272169
0
 0.880004
-0.124678
  0.45831
----Vec----
 (66.6617,0)
(-12.4503,0)
(-53.8209,0)
 
(-0.868466,0) (-0.481023,0)  (0.119616,0)
 (0.212573,0) (-0.143082,0)  (0.966614,0)
(-0.447861,0)  (0.864954,0)  (0.226605,0)
0.998077
0.0062457
0.061559
0
-0.868466
 0.212573
-0.447861
----Vec----
 (86.6162,0)
(-18.4118,0)
(-67.6773,0)
 
(-0.877035,0)  (0.475852,0)  (0.065717,0)
 (0.153083,0)  (0.146802,0)   (0.97724,0)
(-0.455384,0) (-0.867188,0)  (0.201703,0)
0.999999
0.00012821
0.00132294
0
-0.877035
 0.153083
-0.455384
R:
0.639193
0.315658
0.308655
Dot: 0.999898
 R Past:
-0.877208
 0.151658
-0.455529
Current:
-0.875475
 0.165764
-0.453946 ----Vec----
 (91.1504,0)
(-19.8248,0)
 (-70.768,0)
 
 (-0.87837,0)  (0.474765,0) (0.0548845,0)
 (0.141154,0)  (0.147598,0)  (0.978912,0)
(-0.456663,0) (-0.867648,0)  (0.196771,0)
0.999689
0.00268635
0.0248951
0
 -0.87837
 0.141154
-0.456663
----Vec----
 (92.0428,0)
(-20.1052,0)
(-71.3741,0)
 
(-0.878612,0)  (0.474555,0) (0.0528031,0)
 (0.138863,0)  (0.147753,0)  (0.979216,0)
  (-0.4569,0) (-0.867737,0)  (0.195826,0)
0.999629
0.00293675
0.0271964
0
-0.878612
 0.138863
  -0.4569
----Vec----
 (92.2684,0)
(-20.1757,0)
(-71.5276,0)
 
(-0.878672,0) (-0.474502,0) (0.0522906,0)
 (0.138299,0) (-0.147791,0)   (0.97929,0)
(-0.456957,0)  (0.867759,0)  (0.195593,0)
0.999613
0.00299907
0.027763
0
-0.878672
 0.138299
-0.456957
----Vec----
 (93.8598,0)
(-20.6771,0)
 (-72.607,0)
 
 (0.879083,0)  (-0.47413,0) (0.0486415,0)
(-0.134283,0) (-0.148064,0)  (0.979807,0)
 (0.457364,0)  (0.867916,0)   (0.19394,0)
0.999492
0.0034411
0.0317938
0
 0.879083
-0.134283
 0.457364
----Vec----
 (84.3652,0)
(-17.7276,0)
(-66.1254,0)
 
  (0.87633,0) (-0.476387,0) (0.0710129,0)
(-0.158921,0)  (-0.14642,0)  (0.976366,0)
 (0.454741,0)  (0.866958,0)  (0.204125,0)
0.999976
0.000758082
0.00701436
0
  0.87633
-0.158921
 0.454741
----Vec----
  (90.931,0)
(-19.7566,0)
(-70.6182,0)
 
 (0.878312,0) (-0.474816,0) (0.0553824,0)
(-0.141702,0) (-0.147561,0)  (0.978839,0)
 (0.456606,0)  (0.867626,0)  (0.196997,0)
0.999703
0.00262588
0.0243442
0
 0.878312
-0.141702
 0.456606
R:
0.636507
0.316167
0.307262
Dot: 0.992278
 R Past:
-0.875475
 0.165764
-0.453946
Current:
 -0.85292
 0.286689
-0.436276 ----Vec----
 (91.1543,0)
(-19.8261,0)
(-70.7705,0)
 
(-0.878372,0) (-0.474764,0) (0.0548724,0)
 (0.141141,0) (-0.147599,0)  (0.978914,0)
(-0.456664,0)  (0.867648,0)  (0.196765,0)
0.988876
0.0159131
0.147998
0
-0.878372
 0.141141
-0.456664
----Vec----
 (92.0468,0)
(-20.1065,0)
(-71.3766,0)
 
 (0.878614,0) (-0.474554,0) (0.0527911,0)
 (-0.13885,0) (-0.147753,0)  (0.979218,0)
 (0.456901,0)  (0.867737,0)  (0.195821,0)
0.988529
0.0161758
0.150273
0
0.878614
-0.13885
0.456901
----Vec----
 (90.2707,0)
(-19.5497,0)
(-70.1692,0)
 
(-0.878127,0)  (0.474973,0) (0.0569374,0)
 (0.143414,0)  (0.147446,0)  (0.978607,0)
(-0.456427,0)  (-0.86756,0)  (0.197704,0)
0.989215
0.0156524
0.14574
0
-0.878127
 0.143414
-0.456427
----Vec----
 (102.538,0)
(-23.4581,0)
(-78.4469,0)
 
  (0.88101,0) (-0.472142,0)  (0.029385,0)
(-0.113115,0) (-0.149538,0)  (0.982249,0)
 (0.459376,0)  (0.868746,0)  (0.185267,0)
0.984275
0.0191842
0.175709
0
  0.88101
-0.113115
 0.459376
----Vec----
  (66.521,0)
(-12.4503,0)
(-53.6799,0)
 
(-0.868587,0)  (0.480997,0)  (0.118842,0)
  (0.21173,0)  (0.143132,0)  (0.966791,0)
(-0.448026,0) (-0.864959,0)  (0.226255,0)
0.996999
0.00814331
0.077096
0
-0.868587
  0.21173
-0.448026
----Vec----
 (88.4661,0)
(-19.0006,0)
(-68.9255,0)
 
(-0.877639,0) (-0.475384,0) (0.0608854,0)
 (0.147765,0) (-0.147155,0)  (0.978004,0)
(-0.455978,0)  (0.867384,0)  (0.199503,0)
0.989851
0.015142
0.141414
0
-0.877639
 0.147765
-0.455978
R:
  0.6365
0.316169
0.307259
Dot: 0.991025
 R Past:
 -0.85292
 0.286689
-0.436276
Current:
-0.876659
 0.156173
-0.455058 ----Vec----
 (93.7492,0)
(-20.6515,0)
(-72.5225,0)
 
 (0.879074,0) (-0.474143,0) (0.0486742,0)
(-0.134322,0) (-0.148062,0)  (0.979802,0)
 (0.457369,0)  (0.867909,0)  (0.193957,0)
0.999756
0.00241077
0.0220864
0
 0.879074
-0.134322
 0.457369
----Vec----
 (92.8357,0)
(-20.3642,0)
(-71.9023,0)
 
 (0.878842,0) (-0.474355,0) (0.0507464,0)
(-0.136602,0) (-0.147907,0)   (0.97951,0)
  (0.45714,0)   (0.86782,0)  (0.194895,0)
0.999804
0.00215992
0.0197972
0
 0.878842
-0.136602
  0.45714
----Vec----
 (92.6098,0)
(-20.2928,0)
(-71.7494,0)
 
 (0.878782,0) (-0.474408,0) (0.0512721,0)
(-0.137181,0) (-0.147867,0)  (0.979436,0)
 (0.457081,0)  (0.867797,0)  (0.195134,0)
0.999815
0.00209689
0.0192162
0
 0.878782
-0.137181
 0.457081
----Vec----
 (91.0412,0)
(-19.8009,0)
(-70.6831,0)
 
 (0.878364,0) (-0.474777,0) (0.0548922,0)
(-0.141165,0) (-0.147598,0)  (0.978911,0)
 (0.456672,0)  (0.867642,0)  (0.196776,0)
0.999885
0.00166118
0.0152132
0
 0.878364
-0.141165
 0.456672
----Vec----
 (89.2934,0)
(-19.2513,0)
(-69.4967,0)
 
(-0.877864,0)  (0.475196,0) (0.0590836,0)
 (0.145779,0)  (0.147288,0)  (0.978282,0)
(-0.456184,0) (-0.867465,0)  (0.198681,0)
0.999945
0.00116423
0.0105736
0
-0.877864
 0.145779
-0.456184
----Vec----
 (90.3737,0)
(-19.5912,0)
(-70.2298,0)
 
 (0.878177,0) (-0.474936,0)  (0.056472,0)
(-0.142904,0) (-0.147481,0)  (0.978676,0)
  (0.45649,0)  (0.867575,0)  (0.197494,0)
0.99991
0.00147304
0.0134651
0
 0.878177
-0.142904
  0.45649
R:
0.632438
0.316893
 0.30515
Dot: -0.999856
 R Past:
-0.876659
 0.156173
-0.455058
Current:
 0.878552
-0.139395
 0.456854 True----Vec----
  (98.461,0)
(-22.1503,0)
(-75.7042,0)
 
 (0.880183,0) (-0.473057,0) (0.0381124,0)
(-0.122706,0) (-0.148864,0)  (0.981201,0)
 (0.458499,0)  (0.868365,0)  (0.189188,0)
0.999858
0.00186187
0.016859
0
 0.880183
-0.122706
 0.458499
----Vec----
 (97.4912,0)
(-21.8433,0)
(-75.0476,0)
 
 (0.879973,0) (-0.473274,0) (0.0401819,0)
(-0.124982,0) (-0.148705,0)  (0.980938,0)
 (0.458286,0)  (0.868273,0)  (0.190121,0)
0.999894
0.00160727
0.0145779
0
 0.879973
-0.124982
 0.458286
----Vec----
 (97.2514,0)
(-21.7671,0)
(-74.8857,0)
 
  (0.87992,0) (-0.473328,0)  (0.040707,0)
 (-0.12556,0) (-0.148665,0)   (0.98087,0)
 (0.458231,0)  (0.868251,0)  (0.190358,0)
0.999902
0.00154331
0.013999
0
 0.87992
-0.12556
0.458231
----Vec----
 (95.5862,0)
(-21.2415,0)
 (-73.757,0)
 
(-0.879541,0)  (0.473705,0) (0.0443225,0)
 (0.129537,0)   (0.14839,0)  (0.980395,0)
(-0.457851,0) (-0.868092,0)  (0.191991,0)
0.999951
0.00110158
0.0100106
0
-0.879541
 0.129537
-0.457851
----Vec----
 (106.561,0)
(-24.7551,0)
(-81.1462,0)
 
 (0.881717,0) (-0.471265,0) (0.0211761,0)
(-0.104098,0) (-0.150183,0)  (0.983145,0)
 (0.460151,0)  (0.869111,0)  (0.181595,0)
0.999367
0.00396073
0.0354784
0
 0.881717
-0.104098
 0.460151
----Vec----
 (98.0936,0)
(-22.0367,0)
(-75.4527,0)
 
 (0.880109,0) (-0.473135,0)   (0.03883,0)
(-0.123496,0) (-0.148809,0)   (0.98111,0)
 (0.458429,0)  (0.868331,0)  (0.189512,0)
0.999871
0.00177041
0.0160679
0
 0.880109
-0.123496
 0.458429
R:
0.625409
0.318008
0.301495
Dot: -0.999856
 R Past:
-0.878552
 0.139395
-0.456854
Current:
 0.880191
-0.122601
 0.458511 True----Vec----
 (101.332,0)
(-23.0634,0)
(-77.6429,0)
 
 (0.880767,0)  (-0.47242,0) (0.0320781,0)
(-0.116072,0) (-0.149328,0)  (0.981936,0)
 (0.459105,0)  (0.868631,0)  (0.186474,0)
0.999978
0.000764996
0.00665121
0
 0.880767
-0.116072
 0.459105
----Vec----
 (100.327,0)
(-22.7444,0)
 (-76.964,0)
 
  (0.88057,0)  (-0.47264,0) (0.0341465,0)
(-0.118346,0) (-0.149169,0)  (0.981689,0)
 (0.458901,0)  (0.868539,0)  (0.187404,0)
0.999991
0.000509202
0.0043744
0
  0.88057
-0.118346
 0.458901
----Vec----
 (100.079,0)
(-22.6651,0)
(-76.7965,0)
 
  (0.88052,0) (-0.472695,0) (0.0346712,0)
(-0.118923,0) (-0.149128,0)  (0.981626,0)
 (0.458849,0)  (0.868516,0)   (0.18764,0)
0.999993
0.000445098
0.00379657
0
  0.88052
-0.118923
 0.458849
----Vec----
 (98.3544,0)
(-22.1189,0)
(-75.6296,0)
 
 (0.880164,0) (-0.473077,0) (0.0382842,0)
(-0.122896,0)  (-0.14885,0)  (0.981179,0)
 (0.458484,0)  (0.868356,0)  (0.189266,0)
1
1.49012e-06
0.000184204
0
 0.880164
-0.122896
 0.458484
----Vec----
 (96.4338,0)
 (-21.509,0)
(-74.3314,0)
 
(-0.879737,0)  (0.473513,0) (0.0424685,0)
 (0.127497,0)  (0.148531,0)  (0.980641,0)
(-0.458048,0) (-0.868173,0)  (0.191153,0)
0.999988
0.000504732
0.00479821
0
-0.879737
 0.127497
-0.458048
----Vec----
 (97.6208,0)
(-21.8862,0)
(-75.1335,0)
 
 (0.880005,0) (-0.473242,0) (0.0398612,0)
 (-0.12463,0)  (-0.14873,0)  (0.980979,0)
 (0.458321,0)  (0.868287,0)  (0.189977,0)
0.999998
0.000190288
0.00192254
0
0.880005
-0.12463
0.458321
R:
0.621332
0.318576
0.299371
Dot: -0.999999
 R Past:
-0.880191
 0.122601
-0.458511
Current:
0.880324
-0.12113
0.458647 True----Vec----
 (106.516,0)
(-24.7282,0)
(-81.1291,0)
 
 (0.881694,0) (-0.471292,0) (0.0215345,0)
(-0.104488,0) (-0.150154,0)  (0.983108,0)
 (0.460107,0)  (0.869102,0)  (0.181753,0)
0.99986
0.00190872
0.0167664
0
 0.881694
-0.104488
 0.460107
----Vec----
 (105.449,0)
 (-24.387,0)
(-80.4096,0)
 
  (0.88152,0) (-0.471518,0) (0.0235997,0)
(-0.106757,0) (-0.149991,0)   (0.98289,0)
 (0.459919,0)  (0.869007,0)  (0.182676,0)
0.999895
0.00164738
0.0144986
0
  0.88152
-0.106757
 0.459919
----Vec----
 (105.185,0)
(-24.3023,0)
(-80.2321,0)
 
 (0.881475,0) (-0.471574,0) (0.0241238,0)
(-0.107333,0)  (-0.14995,0)  (0.982834,0)
  (0.45987,0)  (0.868984,0)   (0.18291,0)
0.999904
0.00158176
0.0139229
0
 0.881475
-0.107333
  0.45987
----Vec----
 (103.353,0)
(-23.7184,0)
(-78.9957,0)
 
 (0.881159,0) (-0.471965,0) (0.0277318,0)
(-0.111298,0) (-0.149667,0)  (0.982436,0)
 (0.459534,0)   (0.86882,0)  (0.184526,0)
0.999951
0.00112832
0.00995761
0
 0.881159
-0.111298
 0.459534
----Vec----
 (101.312,0)
(-23.0666,0)
(-77.6204,0)
 
 (0.880777,0) (-0.472411,0) (0.0319107,0)
 (-0.11589,0) (-0.149342,0)  (0.981955,0)
  (0.45913,0)  (0.868634,0)  (0.186401,0)
0.999986
0.000610948
0.0053607
0
0.880777
-0.11589
 0.45913
----Vec----
 (101.943,0)
(-23.2687,0)
(-78.0449,0)
 
   (0.8809,0) (-0.472271,0) (0.0305906,0)
 (-0.11444,0) (-0.149444,0)   (0.98211,0)
  (0.45926,0)  (0.868692,0)  (0.185808,0)
0.999977
0.000772953
0.00681341
0
  0.8809
-0.11444
 0.45926
R:
0.614289
0.319545
0.295702
Dot: -0.999937
 R Past:
-0.880324
  0.12113
-0.458647
Current:
 0.881269
-0.109944
 0.459649 True----Vec----
 (112.027,0)
(-26.5087,0)
(-84.8246,0)
 
 (0.882508,0) (-0.470137,0)  (0.010997,0)
(-0.092919,0) (-0.150996,0)  (0.984139,0)
 (0.461027,0)  (0.869581,0)   (0.17706,0)
0.999853
0.00198627
0.0171232
0
 0.882508
-0.092919
 0.461027
----Vec----
 (110.892,0)
(-26.1438,0)
(-84.0616,0)
 
 (0.882356,0) (-0.470367,0) (0.0130591,0)
(-0.095183,0)  (-0.15083,0)  (0.983948,0)
 (0.460856,0)  (0.869485,0)  (0.177977,0)
0.99989
0.00172052
0.0148636
0
 0.882356
-0.095183
 0.460856
----Vec----
 (110.612,0)
(-26.0532,0)
(-83.8734,0)
 
  (0.882317,0)  (-0.470426,0)  (0.0135825,0)
(-0.0957576,0)  (-0.150788,0)   (0.983899,0)
  (0.460811,0)   (0.869461,0)    (0.17821,0)
0.999898
0.00165361
0.0142901
0
  0.882317
-0.0957576
  0.460811
----Vec----
 (108.664,0)
(-25.4286,0)
(-82.5627,0)
 
   (0.88204,0)  (-0.470826,0)   (0.017185,0)
(-0.0997136,0)    (-0.1505,0)   (0.983551,0)
  (0.460503,0)   (0.869294,0)   (0.179814,0)
0.999947
0.00119251
0.0103397
0
   0.88204
-0.0997136
  0.460503
----Vec----
 (106.495,0)
(-24.7315,0)
(-81.1047,0)
 
 (0.881703,0) (-0.471282,0) (0.0213584,0)
(-0.104297,0) (-0.150168,0)  (0.983127,0)
 (0.460132,0)  (0.869104,0)  (0.181676,0)
0.999984
0.000666261
0.00575927
0
 0.881703
-0.104297
 0.460132
----Vec----
 (107.166,0)
(-24.9476,0)
(-81.5547,0)
 
 (0.881811,0) (-0.471139,0) (0.0200395,0)
(-0.102849,0) (-0.150273,0)  (0.983263,0)
 (0.460251,0)  (0.869164,0)  (0.181087,0)
0.999975
0.000831276
0.00720701
0
 0.881811
-0.102849
 0.460251
R:
0.607239
0.320425
0.292025
Dot: -0.999932
 R Past:
-0.881269
 0.109944
-0.459649
Current:
  0.882136
-0.0983629
  0.460608 True----Vec----
  (117.89,0)
(-28.4139,0)
(-88.7454,0)
 
  (-0.883208,0)    (0.468953,0) (0.000473907,0)
  (0.0813737,0)    (0.151853,0)    (0.985027,0)
  (-0.461867,0)   (-0.870071,0)    (0.172401,0)
0.999854
0.00201845
0.0170625
0
-0.883208
0.0813737
-0.461867
----Vec----
 (119.112,0)
(-28.8101,0)
(-89.5635,0)
 
  (-0.883334,0)    (0.468715,0) (-0.00159236,0)
  (0.0791071,0)    (0.152023,0)    (0.985185,0)
  (-0.462021,0)    (-0.87017,0)    (0.171489,0)
0.999813
0.00229052
0.0193208
0
-0.883334
0.0791071
-0.462021
----Vec----
 (119.421,0)
(-28.9098,0)
(-89.7708,0)
 
 (-0.883365,0)   (0.468656,0) (-0.0021011,0)
 (0.0785492,0)   (0.152065,0)   (0.985223,0)
 (-0.462058,0)  (-0.870194,0)   (0.171265,0)
0.999802
0.00235808
0.0198765
0
-0.883365
0.0785492
-0.462058
----Vec----
 (121.602,0)
(-29.6189,0)
(-91.2295,0)
 
   (0.883572,0)   (-0.468235,0) (-0.00572352,0)
 (-0.0745767,0)   (-0.152365,0)    (0.985484,0)
   (0.462318,0)    (0.870368,0)    (0.169669,0)
0.999715
0.00283855
0.0238328
0
  0.883572
-0.0745767
  0.462318
----Vec----
 (108.632,0)
(-25.4546,0)
(-82.5032,0)
 
  (0.882078,0)   (-0.47078,0)  (0.0164687,0)
(-0.0989354,0)  (-0.150558,0)    (0.98362,0)
  (0.460598,0)   (0.869309,0)     (0.1795,0)
1
7.20322e-05
0.00045539
0
  0.882078
-0.0989354
  0.460598
----Vec----
  (117.59,0)
(-28.3176,0)
(-88.5435,0)
 
  (-0.883177,0)    (0.469011,0) (0.000967653,0)
  (0.0819155,0)    (0.151812,0)    (0.984988,0)
  (-0.461831,0)   (-0.870047,0)     (0.17262,0)
0.999864
0.00195259
0.0165226
0
-0.883177
0.0819155
-0.461831
R:
0.600182
0.321211
 0.28834
Dot: 0.999867
 R Past:
-0.882136
0.0983629
-0.460608
Current:
-0.883164
0.0821501
-0.461815 ----Vec----
 (121.466,0)
(-29.5767,0)
 (-91.137,0)
 
  (0.883561,0)  (-0.468259,0) (-0.0055388,0)
(-0.0747796,0)   (-0.15235,0)   (0.985471,0)
  (0.462307,0)   (0.870358,0)   (0.169751,0)
0.999973
0.00091061
0.00745479
0
  0.883561
-0.0747796
  0.462307
----Vec----
 (120.214,0)
(-29.1703,0)
(-90.2988,0)
 
   (0.883444,0)   (-0.468498,0) (-0.00348195,0)
 (-0.0770353,0)   (-0.152179,0)    (0.985324,0)
    (0.46216,0)    (0.870259,0)    (0.170657,0)
0.999987
0.000638992
0.00520778
0
  0.883444
-0.0770353
   0.46216
----Vec----
 (119.905,0)
(-29.0694,0)
 (-90.092,0)
 
   (0.883414,0)   (-0.468558,0) (-0.00295967,0)
 (-0.0776081,0)   (-0.152136,0)    (0.985286,0)
   (0.462122,0)    (0.870234,0)    (0.170887,0)
0.99999
0.000570863
0.00463709
0
  0.883414
-0.0776081
  0.462122
----Vec----
 (117.756,0)
 (-28.374,0)
(-88.6525,0)
 
  (-0.883197,0)    (0.468974,0) (0.000633801,0)
  (0.0815498,0)     (0.15184,0)    (0.985014,0)
  (-0.461858,0)   (-0.870062,0)    (0.172472,0)
1
9.95994e-05
0.000709039
0
-0.883197
0.0815498
-0.461858
----Vec----
 (131.954,0)
(-33.0302,0)
(-98.1074,0)
 
  (0.884348,0)  (-0.466276,0)  (-0.022387,0)
(-0.0563223,0)  (-0.153773,0)   (0.986475,0)
  (0.463419,0)   (0.871172,0)   (0.162378,0)
0.999665
0.00315398
0.0258217
0
  0.884348
-0.0563223
  0.463419
----Vec----
 (120.992,0)
(-29.4261,0)
(-90.8165,0)
 
    (0.88352,0)   (-0.468344,0) (-0.00482777,0)
   (-0.07556,0)   (-0.152291,0)    (0.985421,0)
   (0.462259,0)    (0.870322,0)    (0.170065,0)
0.999978
0.000813305
0.00667792
0
 0.88352
-0.07556
0.462259
R:
 0.59609
0.321592
  0.2862
Dot: -0.999972
 R Past:
-0.883164
0.0821501
-0.461815
Current:
  0.883566
-0.0746749
  0.462315 True----Vec----
 (125.177,0)
(-30.7865,0)
(-93.6149,0)
 
  (0.883877,0)  (-0.467555,0) (-0.0115372,0)
 (-0.068204,0)  (-0.152851,0)    (0.98587,0)
  (0.462719,0)   (0.870649,0)   (0.167117,0)
0.999979
0.000813007
0.00655296
0
 0.883877
-0.068204
 0.462719
----Vec----
 (123.878,0)
(-30.3636,0)
(-92.7469,0)
 
   (0.883773,0)   (-0.467798,0) (-0.00948201,0)
 (-0.0704568,0)   (-0.152679,0)    (0.985738,0)
   (0.462582,0)    (0.870548,0)    (0.168018,0)
0.999991
0.000538826
0.00431049
0
  0.883773
-0.0704568
  0.462582
----Vec----
 (123.557,0)
(-30.2586,0)
(-92.5328,0)
 
   (0.883746,0)   (-0.467859,0) (-0.00896029,0)
 (-0.0710288,0)   (-0.152635,0)    (0.985704,0)
   (0.462546,0)    (0.870523,0)    (0.168248,0)
0.999993
0.000470012
0.00374089
0
  0.883746
-0.0710288
  0.462546
----Vec----
 (121.329,0)
 (-29.535,0)
(-91.0422,0)
 
    (0.88355,0)   (-0.468281,0) (-0.00537002,0)
 (-0.0749654,0)   (-0.152336,0)    (0.985459,0)
   (0.462297,0)    (0.870349,0)    (0.169826,0)
1
5.48363e-06
0.000179325
0
   0.88355
-0.0749654
  0.462297
----Vec----
  (118.85,0)
(-28.7279,0)
(-89.3849,0)
 
   (-0.88331,0)    (0.468762,0) (-0.00120913,0)
  (0.0795282,0)    (0.151991,0)    (0.985156,0)
  (-0.461995,0)    (-0.87015,0)    (0.171659,0)
0.999988
0.000548154
0.00472589
0
 -0.88331
0.0795282
-0.461995
----Vec----
 (120.382,0)
(-29.2269,0)
(-90.4088,0)
 
   (0.883462,0)   (-0.468463,0) (-0.00380239,0)
 (-0.0766843,0)   (-0.152206,0)    (0.985348,0)
   (0.462185,0)    (0.870273,0)    (0.170516,0)
0.999998
0.00021109
0.00189182
0
  0.883462
-0.0766843
  0.462185
R:
0.591996
0.321938
0.284058
Dot: -0.999999
 R Past:
-0.883566
0.0746749
-0.462315
Current:
 0.883639
-0.073216
 0.462408 True----Vec----
 (131.893,0)
(-32.9954,0)
(-98.0821,0)
 
   (0.88434,0)  (-0.466307,0) (-0.0220213,0)
(-0.0567196,0)  (-0.153741,0)   (0.986457,0)
  (0.463385,0)   (0.871161,0)   (0.162536,0)
0.999863
0.00204071
0.0165253
0
   0.88434
-0.0567196
  0.463385
----Vec----
  (130.51,0)
(-32.5422,0)
(-97.1598,0)
 
  (0.884257,0)  (-0.466557,0) (-0.0199699,0)
(-0.0589667,0)  (-0.153565,0)   (0.986353,0)
  (0.463263,0)   (0.871058,0)    (0.16343,0)
0.999898
0.0017603
0.0142915
0
  0.884257
-0.0589667
  0.463263
----Vec----
 (130.167,0)
(-32.4297,0)
(-96.9323,0)
 
  (0.884235,0)  (-0.466619,0) (-0.0194489,0)
(-0.0595373,0)  (-0.153521,0)   (0.986326,0)
  (0.463231,0)   (0.871033,0)   (0.163658,0)
0.999906
0.00168979
0.013724
0
  0.884235
-0.0595373
  0.463231
----Vec----
 (127.795,0)
(-31.6544,0)
(-95.3488,0)
 
  (0.884078,0)  (-0.467051,0) (-0.0158651,0)
(-0.0634638,0)  (-0.153217,0)   (0.986129,0)
  (0.463011,0)   (0.870855,0)   (0.165223,0)
0.999952
0.00120348
0.00981891
0
  0.884078
-0.0634638
  0.463011
----Vec----
 (125.154,0)
(-30.7899,0)
(-93.5885,0)
 
  (0.883881,0)  (-0.467544,0) (-0.0117111,0)
(-0.0680159,0)  (-0.152866,0)    (0.98588,0)
   (0.46274,0)   (0.870652,0)   (0.167042,0)
0.999987
0.000648499
0.005289
0
  0.883881
-0.0680159
   0.46274
----Vec----
  (125.97,0)
(-31.0578,0)
(-94.1318,0)
 
  (0.883945,0)   (-0.46739,0) (-0.0130241,0)
 (-0.066577,0)  (-0.152977,0)   (0.985961,0)
  (0.462828,0)   (0.870715,0)   (0.166466,0)
0.999978
0.000822574
0.00672127
0
 0.883945
-0.066577
 0.462828
R:
0.584927
0.322524
0.280359
Dot: -0.999938
 R Past:
-0.883639
 0.073216
-0.462408
Current:
  0.884134
-0.0621234
  0.463086 True----Vec----
 (139.052,0)
(-35.3633,0)
 (-102.83,0)
 
  (0.884694,0)  (-0.465028,0) (-0.0324962,0)
(-0.0452546,0)  (-0.154647,0)   (0.986906,0)
  (0.463971,0)   (0.871684,0)    (0.15799,0)
0.999857
0.00212467
0.016878
0
  0.884694
-0.0452546
  0.463971
----Vec----
 (137.577,0)
(-34.8773,0)
 (-101.85,0)
 
  (0.884632,0)  (-0.465284,0) (-0.0304485,0)
(-0.0474956,0)  (-0.154468,0)   (0.986829,0)
  (0.463865,0)    (0.87158,0)   (0.158876,0)
0.999893
0.00183943
0.0146523
0
  0.884632
-0.0474956
  0.463865
----Vec----
 (137.212,0)
(-34.7567,0)
(-101.608,0)
 
  (0.884616,0)  (-0.465348,0) (-0.0299283,0)
(-0.0480649,0)  (-0.154423,0)   (0.986808,0)
  (0.463837,0)   (0.871553,0)   (0.159102,0)
0.999901
0.00176775
0.0140867
0
  0.884616
-0.0480649
  0.463837
----Vec----
 (134.683,0)
(-33.9256,0)
(-99.9245,0)
 
  (0.884495,0)  (-0.465791,0) (-0.0263513,0)
 (-0.051981,0)  (-0.154113,0)   (0.986659,0)
  (0.463644,0)   (0.871372,0)   (0.160654,0)
0.999948
0.00127283
0.0101961
0
 0.884495
-0.051981
 0.463644
----Vec----
 (131.868,0)
(-32.9991,0)
(-98.0535,0)
 
  (0.884342,0)  (-0.466296,0) (-0.0222042,0)
(-0.0565218,0)  (-0.153757,0)   (0.986466,0)
  (0.463405,0)   (0.871164,0)   (0.162458,0)
0.999984
0.000708252
0.00568219
0
  0.884342
-0.0565218
  0.463405
----Vec----
 (132.738,0)
(-33.2861,0)
(-98.6309,0)
 
  (0.884392,0)  (-0.466137,0) (-0.0235153,0)
(-0.0550862,0)  (-0.153869,0)   (0.986529,0)
  (0.463483,0)   (0.871229,0)   (0.161887,0)
0.999975
0.000885278
0.00710957
0
  0.884392
-0.0550862
  0.463483
R:
0.577854
0.323021
0.276654
Dot: -0.999934
 R Past:
-0.884134
0.0621234
-0.463086
Current:
  0.884538
-0.0506441
   0.46371 True----Vec----
 (146.687,0)
(-37.9028,0)
(-107.882,0)
 
  (0.884939,0)  (-0.463717,0) (-0.0429531,0)
(-0.0338181,0)  (-0.155568,0)   (0.987217,0)
  (0.464477,0)   (0.872219,0)   (0.153482,0)
0.999858
0.00216019
0.0168192
0
  0.884939
-0.0338181
  0.464477
----Vec----
 (145.114,0)
(-37.3814,0)
(-106.839,0)
 
  (0.884898,0)  (-0.463978,0) (-0.0409096,0)
(-0.0360529,0)  (-0.155386,0)   (0.987167,0)
  (0.464387,0)   (0.872112,0)   (0.154361,0)
0.999893
0.00187004
0.0146016
0
  0.884898
-0.0360529
  0.464387
----Vec----
 (144.724,0)
(-37.2521,0)
(-106.581,0)
 
  (0.884887,0)  (-0.464044,0) (-0.0403902,0)
(-0.0366208,0)  (-0.155341,0)   (0.987154,0)
  (0.464364,0)   (0.872085,0)   (0.154584,0)
0.999902
0.00179693
0.014038
0
  0.884887
-0.0366208
  0.464364
----Vec----
 (142.027,0)
(-36.3605,0)
 (-104.79,0)
 
  (0.884804,0)  (-0.464498,0) (-0.0368202,0)
 (-0.040526,0)  (-0.155026,0)   (0.987051,0)
  (0.464198,0)   (0.871899,0)   (0.156123,0)
0.999949
0.00129366
0.0101616
0
 0.884804
-0.040526
 0.464198
----Vec----
(139.026,0)
(-35.367,0)
 (-102.8,0)
 
  (0.884694,0)  (-0.465016,0) (-0.0326806,0)
(-0.0450551,0)  (-0.154663,0)   (0.986912,0)
  (0.463991,0)   (0.871688,0)   (0.157911,0)
0.999984
0.000719041
0.00566351
0
  0.884694
-0.0450551
  0.463991
----Vec----
 (139.953,0)
(-35.6748,0)
(-103.415,0)
 
   (0.88473,0)  (-0.464853,0) (-0.0339894,0)
(-0.0436231,0)  (-0.154777,0)   (0.986959,0)
  (0.464058,0)   (0.871754,0)   (0.157345,0)
0.999975
0.000899374
0.00708614
0
   0.88473
-0.0436231
  0.464058
R:
0.570778
0.323426
0.272945
Dot: -0.999934
 R Past:
-0.884538
0.0506441
 -0.46371
Current:
  0.884834
-0.0391929
  0.464254 True----Vec----
 (154.837,0)
(-40.6281,0)
 (-113.26,0)
 
 (-0.885077,0)   (0.462372,0) (-0.0533916,0)
 (0.0224111,0)   (0.156504,0)   (0.987393,0)
 (-0.464904,0)  (-0.872765,0)   (0.149014,0)
0.999859
0.00219625
0.016761
0
-0.885077
0.0224111
-0.464904
----Vec----
 (156.539,0)
 (-41.196,0)
(-114.384,0)
 
(-0.885093,0) (-0.462102,0) (0.0554391,0)
(0.0201745,0)  (-0.15669,0) (-0.987411,0)
(-0.464977,0)  (0.872875,0) (-0.148142,0)
0.999819
0.00249359
0.0189784
0
-0.885093
0.0201745
-0.464977
----Vec----
 (156.969,0)
(-41.3391,0)
(-114.669,0)
 
(-0.885097,0) (-0.462034,0) (0.0559425,0)
(0.0196246,0) (-0.156736,0) (-0.987415,0)
(-0.464994,0)  (0.872902,0) (-0.147928,0)
0.999808
0.00256756
0.0195234
0
-0.885097
0.0196246
-0.464994
----Vec----
 (160.009,0)
(-42.3564,0)
(-116.675,0)
 
  (0.885112,0)   (0.461557,0)  (0.0595319,0)
(-0.0157046,0)   (0.157063,0)  (-0.987432,0)
  (0.465112,0)  (-0.873096,0)  (-0.146402,0)
0.999724
0.00309253
0.0234085
0
  0.885112
-0.0157046
  0.465112
----Vec----
 (141.992,0)
(-36.3937,0)
(-104.721,0)
 
  (0.884803,0)   (-0.46444,0) (-0.0375646,0)
(-0.0397197,0)  (-0.155093,0)   (0.987073,0)
  (0.464269,0)   (0.871918,0)   (0.155805,0)
1
8.24034e-05
0.000408426
0
  0.884803
-0.0397197
  0.464269
----Vec----
  (154.42,0)
(-40.4899,0)
(-112.983,0)
 
 (-0.885072,0)  (-0.462437,0) (-0.0529034,0)
 (0.0229449,0)   (-0.15646,0)   (0.987387,0)
 (-0.464888,0)   (0.872738,0)   (0.149223,0)
0.999868
0.00212464
0.0162319
0
-0.885072
0.0229449
-0.464888
R:
0.563699
0.323739
0.269231
Dot: 0.999871
 R Past:
-0.884834
0.0391929
-0.464254
Current:
 -0.88507
0.0231774
 -0.46488 ----Vec----
 (159.821,0)
(-116.548,0)
(-42.2957,0)
 
(-0.885111,0) (0.0593504,0)  (0.461583,0)
(0.0159031,0) (-0.987432,0)  (0.157046,0)
(-0.465108,0) (-0.146479,0) (-0.873085,0)
0.999973
0.00732035
0.000985742
0
-0.885111
0.0159031
-0.465108
----Vec----
 (161.589,0)
(-42.8877,0)
(-117.714,0)
 
(-0.885115,0)  (0.461309,0) (0.0613956,0)
  (0.01367,0)  (0.157234,0) (-0.987435,0)
(-0.465172,0) (-0.873196,0) (-0.145611,0)
0.999955
0.00128436
0.00953402
0
-0.885115
  0.01367
-0.465172
----Vec----
 (162.036,0)
(-43.0368,0)
(-118.009,0)
 
(-0.885115,0) (-0.461241,0) (0.0618984,0)
(0.0131209,0)  (-0.15728,0) (-0.987435,0)
(-0.465187,0)  (0.873224,0) (-0.145398,0)
0.999949
0.0013586
0.0100781
0
-0.885115
0.0131209
-0.465187
----Vec----
 (165.195,0)
(-44.0974,0)
(-120.091,0)
 
  (-0.88511,0)  (-0.460757,0)  (0.0654837,0)
(0.00920714,0)   (-0.15761,0)  (-0.987426,0)
  (-0.46529,0)    (0.87342,0)   (-0.14388,0)
0.999902
0.0018861
0.0139568
0
  -0.88511
0.00920714
  -0.46529
----Vec----
 (168.909,0)
 (-122.54,0)
(-45.3416,0)
 
 (-0.885092,0) (-0.0695183,0)  (-0.460203,0)
(0.00480394,0)   (0.987397,0)  (-0.157984,0)
 (-0.465391,0)   (0.142177,0)   (0.873644,0)
0.999831
0.0183185
0.0024893
0
 -0.885092
0.00480394
 -0.465391
----Vec----
 (167.735,0)
(-44.9492,0)
(-121.765,0)
 
   (0.885099,0)    (0.460375,0)    (0.068274,0)
(-0.00616202,0)    (0.157868,0)   (-0.987408,0)
   (0.465362,0)   (-0.873574,0)   (-0.142702,0)
0.999855
0.00230145
0.0169736
0
   0.885099
-0.00616202
   0.465362
R:
0.559599
0.323847
0.267077
Dot: 0.999978
 R Past:
 -0.88507
0.0231774
 -0.46488
Current:
-0.885107
0.0165833
-0.465091 ----Vec----
 (163.574,0)
(-43.5545,0)
(-119.022,0)
 
  (0.885114,0)   (0.461002,0)  (0.0636785,0)
(-0.0111779,0)   (0.157444,0)  (-0.987433,0)
   (0.46524,0)   (-0.87332,0)  (-0.144644,0)
0.999985
0.000748336
0.00546465
0
  0.885114
-0.0111779
   0.46524
----Vec----
 (161.779,0)
(-42.9532,0)
(-117.838,0)
 
(-0.885114,0)  (0.461277,0) (0.0616429,0)
(0.0134002,0)  (0.157257,0) (-0.987435,0)
(-0.465181,0) (-0.873209,0) (-0.145506,0)
0.999995
0.000450045
0.00326188
0
-0.885114
0.0134002
-0.465181
----Vec----
 (165.391,0)
(-44.1649,0)
(-120.218,0)
 
  (0.885109,0)   (0.460724,0)  (0.0657318,0)
(-0.0089368,0)   (0.157633,0)  (-0.987425,0)
  (0.465298,0)  (-0.873433,0)  (-0.143776,0)
0.999971
0.00104961
0.00768576
0
  0.885109
-0.0089368
  0.465298
----Vec----
 (143.444,0)
(-36.8897,0)
(-105.669,0)
 
  (0.884848,0)  (-0.464172,0)  (-0.039779,0)
(-0.0373002,0)  (-0.155288,0)   (0.987137,0)
  (0.464384,0)   (0.872026,0)   (0.154852,0)
0.999785
0.00269467
0.0204415
0
  0.884848
-0.0373002
  0.464384
----Vec----
 (204.865,0)
(-57.6419,0)
(-146.004,0)
 
 (-0.884191,0)  (-0.455099,0)   (0.105426,0)
(-0.0342978,0)  (-0.161429,0)   (-0.98625,0)
 (-0.465864,0)   (0.875686,0)  (-0.127266,0)
0.998705
0.00713944
0.050478
0
 -0.884191
-0.0342978
 -0.465864
----Vec----
 (163.001,0)
(-118.662,0)
(-43.3446,0)
 
(-0.885122,0) (0.0627458,0)  (0.461115,0)
 (0.012193,0) (-0.987435,0)  (0.157357,0)
  (-0.4652,0) (-0.145038,0) (-0.873277,0)
0.99999
0.00445604
0.000627071
0
-0.885122
 0.012193
  -0.4652
R:
0.556612
0.323903
0.265507
Dot: -0.999989
 R Past:
-0.885107
0.0165833
-0.465091
Current:
  0.885078
-0.0213784
  0.464952 True----Vec----
 (167.421,0)
(-44.8534,0)
(-121.549,0)
 
 (-0.885096,0)  (-0.460409,0)  (0.0680808,0)
(0.00637443,0)  (-0.157851,0)   (-0.98741,0)
 (-0.465364,0)    (0.87356,0)  (-0.142784,0)
0.999887
0.00204006
0.0149782
0
 -0.885096
0.00637443
 -0.465364
----Vec----
 (169.291,0)
(-45.4824,0)
(-122.779,0)
 
(-0.885083,0)  (0.460129,0) (0.0701225,0)
(0.0041467,0)  (0.158041,0) (-0.987391,0)
(-0.465415,0) (-0.873673,0) (-0.141923,0)
0.999851
0.00234467
0.0171851
0
-0.885083
0.0041467
-0.465415
----Vec----
 (169.764,0)
(-45.6409,0)
(-123.091,0)
 
 (-0.885079,0)    (0.46006,0)  (0.0706244,0)
(0.00359905,0)   (0.158087,0)  (-0.987385,0)
 (-0.465426,0)  (-0.873701,0)  (-0.141712,0)
0.999842
0.00242016
0.0177275
0
 -0.885079
0.00359905
 -0.465426
----Vec----
 (173.107,0)
(-46.7682,0)
(-125.289,0)
 
   (-0.885044,0)    (-0.459565,0)    (0.0742038,0)
(-0.000305274,0)    (-0.158422,0)    (-0.987338,0)
   (-0.465507,0)     (0.873901,0)    (-0.140207,0)
0.999765
0.00295782
0.0215944
0
   -0.885044
-0.000305274
   -0.465507
----Vec----
 (177.037,0)
(-48.0907,0)
(-127.875,0)
 
  (-0.884992,0)    (0.458999,0)   (0.0782308,0)
(-0.00469713,0)      (0.1588,0)   (-0.987265,0)
  (-0.465582,0)   (-0.874129,0)   (-0.138519,0)
0.99966
0.00357288
0.025942
0
  -0.884992
-0.00469713
  -0.465582
----Vec----
 (175.795,0)
(-47.6736,0)
(-127.057,0)
 
  (-0.885009,0)   (-0.459175,0)   (0.0769887,0)
(-0.00334258,0)   (-0.158683,0)    (-0.98729,0)
  (-0.465561,0)    (0.874058,0)   (-0.139039,0)
0.999694
0.00338173
0.0246013
0
  -0.885009
-0.00334258
  -0.465561
R:
0.553626
0.323975
0.263939
Dot: 0.999793
 R Past:
-0.885078
0.0213784
-0.464952
Current:
 -0.885058
0.00104226
 -0.465479 ----Vec----
 (177.031,0)
(-48.0914,0)
(-127.869,0)
 
  (-0.884991,0)   (-0.458996,0)   (0.0782644,0)
(-0.00473331,0)   (-0.158804,0)   (-0.987264,0)
  (-0.465585,0)     (0.87413,0)   (-0.138505,0)
0.999983
0.000815898
0.0058265
0
  -0.884991
-0.00473331
  -0.465585
----Vec----
 (179.032,0)
(-48.7678,0)
(-129.182,0)
 
  (-0.884957,0)     (0.45871,0)   (0.0803023,0)
(-0.00695496,0)    (0.158996,0)    (-0.98722,0)
   (-0.46562,0)   (-0.874246,0)   (-0.137652,0)
0.999968
0.00112382
0.00802686
0
  -0.884957
-0.00695496
   -0.46562
----Vec----
 (179.538,0)
(-48.9383,0)
(-129.515,0)
 
  (-0.884949,0)   (-0.458638,0)   (0.0808033,0)
(-0.00750099,0)   (-0.159044,0)   (-0.987208,0)
  (-0.465628,0)    (0.874275,0)   (-0.137443,0)
0.999964
0.00120041
0.0085676
0
  -0.884949
-0.00750099
  -0.465628
----Vec----
 (183.115,0)
(-131.861,0)
(-50.1507,0)
 
 (-0.884879,0)  (0.0843761,0)   (0.458131,0)
(-0.0113948,0)  (-0.987116,0)   (0.159383,0)
 (-0.465682,0)  (-0.135953,0)  (-0.874479,0)
0.999923
0.0124235
0.00174445
0
 -0.884879
-0.0113948
 -0.465682
----Vec----
 (187.321,0)
(-51.5737,0)
(-134.622,0)
 
 (-0.884788,0)   (0.457551,0)   (0.088395,0)
(-0.0157739,0)   (0.159768,0)  (-0.986993,0)
 (-0.465727,0)  (-0.874712,0)  (-0.134282,0)
0.999859
0.00236672
0.0167582
0
 -0.884788
-0.0157739
 -0.465727
----Vec----
 (185.992,0)
(-51.1249,0)
(-133.748,0)
 
 (-0.884817,0)   (0.457732,0)  (0.0871559,0)
(-0.0144236,0)   (0.159649,0)  (-0.987033,0)
 (-0.465715,0)  (-0.874639,0)  (-0.134797,0)
0.99988
0.00217283
0.0154219
0
 -0.884817
-0.0144236
 -0.465715
R:
0.546545
0.323983
0.260215
Dot: 0.999938
 R Past:
 -0.885058
0.00104226
 -0.465479
Current:
 -0.884905
-0.0100509
 -0.465663 ----Vec----
 (187.315,0)
(-51.5744,0)
(-134.615,0)
 
 (-0.884786,0)  (-0.457548,0)  (0.0884288,0)
(-0.0158104,0)  (-0.159771,0)  (-0.986992,0)
  (-0.46573,0)   (0.874713,0)  (-0.134268,0)
0.999983
0.000828594
0.00580742
0
 -0.884786
-0.0158104
  -0.46573
----Vec----
 (189.457,0)
(-52.3023,0)
(-136.018,0)
 
 (-0.884733,0)   (0.457254,0)   (0.090463,0)
(-0.0180258,0)   (0.159967,0)  (-0.986922,0)
  (-0.46575,0)  (-0.874831,0)  (-0.133424,0)
0.999968
0.00114214
0.00800105
0
 -0.884733
-0.0180258
  -0.46575
----Vec----
 (189.999,0)
(-52.4858,0)
(-136.373,0)
 
 (-0.884719,0)  (-0.457181,0)  (0.0909629,0)
(-0.0185702,0)  (-0.160015,0)  (-0.986904,0)
 (-0.465754,0)    (0.87486,0)  (-0.133217,0)
0.999964
0.00121993
0.00853995
0
 -0.884719
-0.0185702
 -0.465754
----Vec----
  (193.83,0)
(-53.7908,0)
 (-138.88,0)
 
 (-0.884615,0)   (0.456661,0)  (0.0945291,0)
(-0.0224532,0)   (0.160359,0)  (-0.986767,0)
 (-0.465781,0)  (-0.875069,0)  (-0.131742,0)
0.999923
0.00177377
0.0123839
0
 -0.884615
-0.0224532
 -0.465781
----Vec----
 (198.336,0)
(-55.3229,0)
(-141.829,0)
 
 (-0.884485,0)  (-0.456067,0)  (0.0985396,0)
(-0.0268194,0)  (-0.160749,0)  (-0.986594,0)
 (-0.465797,0)   (0.875307,0)  (-0.130088,0)
0.999859
0.00240695
0.0167048
0
 -0.884485
-0.0268194
 -0.465797
----Vec----
 (196.911,0)
(-54.8395,0)
(-140.896,0)
 
 (-0.884526,0)   (0.456252,0)  (0.0973033,0)
(-0.0254733,0)   (0.160629,0)  (-0.986649,0)
 (-0.465794,0)  (-0.875233,0)  (-0.130598,0)
0.999881
0.0022099
0.0153729
0
 -0.884526
-0.0254733
 -0.465794
R:
0.539466
0.323903
 0.25649
Dot: 0.999939
 R Past:
 -0.884905
-0.0100509
 -0.465663
Current:
-0.884653
-0.021113
-0.465772 ----Vec----
 (198.329,0)
(-55.3235,0)
(-141.822,0)
 
 (-0.884483,0)  (-0.456064,0)  (0.0985738,0)
(-0.0268561,0)  (-0.160753,0)  (-0.986592,0)
 (-0.465799,0)   (0.875308,0)  (-0.130074,0)
0.999984
0.000841677
0.00578871
0
 -0.884483
-0.0268561
 -0.465799
----Vec----
 (200.624,0)
(-56.1074,0)
(-143.322,0)
 
  (-0.88441,0)  (-0.455762,0)   (0.100604,0)
(-0.0290653,0)  (-0.160951,0)  (-0.986497,0)
 (-0.465804,0)   (0.875429,0)   (-0.12924,0)
0.999968
0.00116077
0.00797556
0
  -0.88441
-0.0290653
 -0.465804
----Vec----
 (201.205,0)
 (-56.305,0)
(-143.701,0)
 
 (-0.884392,0)  (-0.455687,0)   (0.101103,0)
(-0.0296081,0)     (-0.161,0)  (-0.986473,0)
 (-0.465805,0)   (0.875459,0)  (-0.129035,0)
0.999964
0.00123987
0.00851279
0
 -0.884392
-0.0296081
 -0.465805
----Vec----
 (205.311,0)
(-57.7105,0)
(-146.381,0)
 
(-0.884254,0)  (0.455154,0)  (0.104662,0)
 (-0.03348,0)  (0.161349,0) (-0.986291,0)
(-0.465806,0) (-0.875672,0) (-0.127576,0)
0.999924
0.00180364
0.0123451
0
-0.884254
 -0.03348
-0.465806
----Vec----
  (210.14,0)
(-59.3612,0)
(-149.536,0)
 
 (-0.884085,0)  (-0.454544,0)   (0.108664,0)
(-0.0378329,0)  (-0.161745,0)  (-0.986069,0)
 (-0.465792,0)   (0.875916,0)   (-0.12594,0)
0.99986
0.00244766
0.0166523
0
 -0.884085
-0.0378329
 -0.465792
----Vec----
 (208.613,0)
(-58.8404,0)
(-148.537,0)
 
(-0.884138,0) (-0.454734,0)  (0.107431,0)
(-0.036491,0) (-0.161623,0) (-0.986139,0)
(-0.465799,0)   (0.87584,0) (-0.126444,0)
0.999882
0.00224718
0.0153247
0
-0.884138
-0.036491
-0.465799
R:
0.532389
0.323734
0.252763
Dot: 0.999939
 R Past:
-0.884653
-0.021113
-0.465772
Current:
 -0.884303
-0.0321436
 -0.465805 ----Vec----
 (210.134,0)
(-59.3619,0)
(-149.528,0)
 
 (-0.884083,0)  (-0.454541,0)   (0.108699,0)
(-0.0378699,0)  (-0.161748,0)  (-0.986067,0)
 (-0.465794,0)   (0.875917,0)  (-0.125926,0)
0.999984
0.000855088
0.00577018
0
 -0.884083
-0.0378699
 -0.465794
----Vec----
 (212.595,0)
(-60.2066,0)
(-151.132,0)
 
 (-0.883991,0)  (-0.454232,0)   (0.110725,0)
(-0.0400727,0)  (-0.161949,0)  (-0.985946,0)
 (-0.465784,0)    (0.87604,0)    (-0.1251,0)
0.999969
0.00117961
0.00795038
0
 -0.883991
-0.0400727
 -0.465784
----Vec----
 (213.217,0)
(-60.4195,0)
(-151.538,0)
 
 (-0.883968,0)  (-0.454155,0)   (0.111223,0)
(-0.0406137,0)  (-0.161999,0)  (-0.985916,0)
 (-0.465781,0)   (0.876071,0)  (-0.124897,0)
0.999964
0.00126025
0.00848584
0
 -0.883968
-0.0406137
 -0.465781
----Vec----
 (217.621,0)
(-61.9344,0)
(-154.406,0)
 
 (-0.883795,0)  (-0.453608,0)   (0.114775,0)
(-0.0444743,0)  (-0.162353,0)  (-0.985691,0)
 (-0.465755,0)   (0.876288,0)  (-0.123454,0)
0.999924
0.00183386
0.0123067
0
 -0.883795
-0.0444743
 -0.465755
----Vec----
 (222.803,0)
(-63.7141,0)
(-157.781,0)
 
 (-0.883589,0)  (-0.452983,0)   (0.118768,0)
(-0.0488137,0)  (-0.162754,0)  (-0.985419,0)
 (-0.465712,0)   (0.876537,0)  (-0.121837,0)
0.999861
0.00248957
0.0166002
0
 -0.883589
-0.0488137
 -0.465712
----Vec----
 (221.164,0)
(-63.1525,0)
(-156.713,0)
 
 (-0.883654,0)  (-0.453177,0)   (0.117538,0)
(-0.0474762,0)   (-0.16263,0)  (-0.985505,0)
 (-0.465727,0)    (0.87646,0)  (-0.122335,0)
0.999882
0.00228566
0.0152771
0
 -0.883654
-0.0474762
 -0.465727
R:
0.525315
0.323477
0.249037
Dot: 0.999939
 R Past:
 -0.884303
-0.0321436
 -0.465805
Current:
 -0.883857
-0.0431417
 -0.465764 ----Vec----
 (222.795,0)
(-63.7148,0)
(-157.774,0)
 
 (-0.883586,0)    (0.45298,0)   (0.118803,0)
(-0.0488509,0)   (0.162757,0)  (-0.985416,0)
 (-0.465714,0)  (-0.876538,0)  (-0.121823,0)
0.999984
0.000868827
0.00575173
0
 -0.883586
-0.0488509
 -0.465714
----Vec----
 (225.437,0)
(-64.6257,0)
(-159.491,0)
 
 (-0.883475,0)   (0.452662,0)   (0.120825,0)
(-0.0510472,0)   (0.162961,0)  (-0.985271,0)
 (-0.465689,0)  (-0.876664,0)  (-0.121007,0)
0.999969
0.00119933
0.00792555
0
 -0.883475
-0.0510472
 -0.465689
----Vec----
 (226.104,0)
(-64.8554,0)
(-159.925,0)
 
 (-0.883447,0)  (-0.452584,0)   (0.121322,0)
(-0.0515865,0)  (-0.163011,0)  (-0.985234,0)
 (-0.465682,0)   (0.876696,0)  (-0.120806,0)
0.999964
0.00128126
0.0084592
0
 -0.883447
-0.0515865
 -0.465682
----Vec----
 (230.832,0)
(-66.4894,0)
(-162.996,0)
 
 (-0.883241,0)   (0.452023,0)   (0.124867,0)
(-0.0554357,0)   (0.163371,0)  (-0.984965,0)
  (-0.46563,0)  (-0.876918,0)  (-0.119379,0)
0.999924
0.00186503
0.012269
0
 -0.883241
-0.0554357
  -0.46563
----Vec----
 (236.395,0)
(-68.4096,0)
(-166.612,0)
 
 (-0.882998,0)  (-0.451382,0)   (0.128852,0)
(-0.0597611,0)  (-0.163776,0)  (-0.984645,0)
 (-0.465557,0)   (0.877172,0)  (-0.117781,0)
0.999861
0.00253239
0.0165489
0
 -0.882998
-0.0597611
 -0.465557
----Vec----
 (234.636,0)
(-67.8036,0)
(-165.467,0)
 
 (-0.883074,0)   (0.451581,0)   (0.127624,0)
(-0.0584282,0)   (0.163651,0)  (-0.984746,0)
 (-0.465582,0)  (-0.877093,0)  (-0.118273,0)
0.999883
0.00232485
0.0152302
0
 -0.883074
-0.0584282
 -0.465582
R:
0.518244
0.323132
0.245311
Dot: 0.99994
 R Past:
 -0.883857
-0.0431417
 -0.465764
Current:
-0.883315
-0.054107
-0.465648 ----Vec----
 (236.388,0)
(-68.4104,0)
(-166.604,0)
 
 (-0.882994,0)  (-0.451379,0)   (0.128887,0)
(-0.0597989,0)   (-0.16378,0)  (-0.984642,0)
 (-0.465559,0)   (0.877174,0)  (-0.117767,0)
0.999984
0.000882983
0.00573358
0
 -0.882994
-0.0597989
 -0.465559
----Vec----
 (239.224,0)
(-69.3933,0)
(-168.444,0)
 
 (-0.882864,0)   (0.451053,0)   (0.130905,0)
(-0.0619884,0)   (0.163987,0)  (-0.984472,0)
 (-0.465519,0)  (-0.877302,0)   (-0.11696,0)
0.999969
0.00121942
0.00790092
0
 -0.882864
-0.0619884
 -0.465519
----Vec----
 (239.942,0)
(-69.6412,0)
(-168.909,0)
 
 (-0.882832,0)  (-0.450972,0)     (0.1314,0)
(-0.0625259,0)  (-0.164038,0)  (-0.984429,0)
 (-0.465509,0)   (0.877334,0)  (-0.116762,0)
0.999964
0.0013029
0.00843297
0
 -0.882832
-0.0625259
 -0.465509
----Vec----
(245.021,0)
(-71.405,0)
 (-172.2,0)
 
 (-0.882593,0)   (0.450397,0)   (0.134938,0)
(-0.0663634,0)   (0.164401,0)  (-0.984117,0)
 (-0.465431,0)  (-0.877562,0)  (-0.115352,0)
0.999925
0.00189719
0.0122316
0
 -0.882593
-0.0663634
 -0.465431
----Vec----
 (250.999,0)
(-73.4783,0)
(-176.077,0)
 
 (-0.882312,0)    (0.44974,0)   (0.138913,0)
(-0.0706747,0)   (0.164812,0)  (-0.983747,0)
 (-0.465329,0)  (-0.877822,0)  (-0.113773,0)
0.999862
0.00257629
0.0164983
0
 -0.882312
-0.0706747
 -0.465329
----Vec----
(249.109,0)
(-72.824,0)
(-174.85,0)
 
 (-0.882399,0)  (-0.449944,0)   (0.137689,0)
(-0.0693467,0)  (-0.164686,0)  (-0.983863,0)
 (-0.465363,0)   (0.877741,0)  (-0.114259,0)
0.999883
0.00236505
0.0151842
0
 -0.882399
-0.0693467
 -0.465363
R:
0.511177
0.322699
0.241586
Dot: 0.99994
 R Past:
-0.883315
-0.054107
-0.465648
Current:
 -0.882677
-0.0650388
 -0.465458 ----Vec----
 (250.992,0)
(-73.4791,0)
(-176.068,0)
 
 (-0.882308,0)  (-0.449737,0)   (0.138949,0)
(-0.0707127,0)  (-0.164816,0)  (-0.983744,0)
  (-0.46533,0)   (0.877823,0)  (-0.113759,0)
0.999984
0.000897527
0.00571541
0
 -0.882308
-0.0707127
  -0.46533
----Vec----
  (254.04,0)
(-74.5407,0)
(-178.041,0)
 
 (-0.882159,0)  (-0.449403,0)   (0.140962,0)
(-0.0728954,0)  (-0.165025,0)  (-0.983549,0)
 (-0.465275,0)   (0.877954,0)  (-0.112962,0)
0.999969
0.00123996
0.0078764
0
 -0.882159
-0.0728954
 -0.465275
----Vec----
 (254.811,0)
(-74.8084,0)
(-178.541,0)
 
 (-0.882122,0)    (0.44932,0)   (0.141457,0)
(-0.0734311,0)   (0.165077,0)  (-0.983501,0)
 (-0.465261,0)  (-0.877987,0)  (-0.112767,0)
0.999964
0.00132483
0.0084067
0
 -0.882122
-0.0734311
 -0.465261
----Vec----
 (260.273,0)
(-76.7137,0)
(-182.071,0)
 
  (-0.88185,0)    (0.44873,0)   (0.144987,0)
(-0.0772567,0)   (0.165445,0)  (-0.983145,0)
 (-0.465157,0)  (-0.878219,0)  (-0.111373,0)
0.999925
0.00192982
0.0121945
0
  -0.88185
-0.0772567
 -0.465157
----Vec----
 (266.702,0)
(-78.9543,0)
 (-186.23,0)
 
(-0.881533,0)  (0.448056,0)  (0.148953,0)
(-0.081554,0)  (0.165861,0) (-0.982728,0)
(-0.465026,0) (-0.878485,0) (-0.109814,0)
0.999863
0.002621
0.0164484
0
-0.881533
-0.081554
-0.465026
----Vec----
 (264.669,0)
 (-78.247,0)
(-184.913,0)
 
 (-0.881631,0)   (0.448265,0)   (0.147732,0)
(-0.0802302,0)   (0.165733,0)  (-0.982858,0)
 (-0.465069,0)  (-0.878402,0)  (-0.110294,0)
0.999884
0.00240615
0.0151383
0
 -0.881631
-0.0802302
 -0.465069
R:
0.504116
0.322179
0.237862
Dot: 0.99994
 R Past:
 -0.882677
-0.0650388
 -0.465458
Current:
 -0.881946
-0.0759361
 -0.465193 ----Vec----
 (266.694,0)
 (-78.955,0)
(-186.221,0)
 
 (-0.881528,0)  (-0.448052,0)   (0.148989,0)
(-0.0815922,0)  (-0.165865,0)  (-0.982724,0)
 (-0.465027,0)   (0.878486,0)    (-0.1098,0)
0.999984
0.000912279
0.00569776
0
 -0.881528
-0.0815922
 -0.465027
----Vec----
 (269.974,0)
(-80.1024,0)
(-188.339,0)
 
(-0.881361,0)   (0.44771,0)  (0.150998,0)
(-0.083768,0)  (0.166077,0) (-0.982505,0)
(-0.464958,0) (-0.878621,0) (-0.109013,0)
0.999969
0.00126085
0.00785266
0
-0.881361
-0.083768
-0.464958
----Vec----
 (270.804,0)
(-80.3918,0)
(-188.875,0)
 
  (-0.88132,0)   (0.447625,0)   (0.151491,0)
(-0.0843019,0)   (0.166129,0)   (-0.98245,0)
  (-0.46494,0)  (-0.878654,0)   (-0.10882,0)
0.999965
0.00134727
0.00838132
0
  -0.88132
-0.0843019
  -0.46494
----Vec----
 (276.681,0)
(-82.4517,0)
(-192.665,0)
 
 (-0.881015,0)   (-0.44702,0)   (0.155014,0)
(-0.0881154,0)  (-0.166502,0)  (-0.982052,0)
  (-0.46481,0)   (0.878892,0)  (-0.107444,0)
0.999925
0.00196335
0.0121584
0
 -0.881015
-0.0881154
  -0.46481
----Vec----
 (283.603,0)
(-84.8748,0)
(-197.132,0)
 
 (-0.880661,0)   (0.446329,0)   (0.158971,0)
(-0.0923981,0)   (0.166923,0)  (-0.981587,0)
 (-0.464649,0)  (-0.879163,0)  (-0.105906,0)
0.999864
0.00266683
0.0163994
0
 -0.880661
-0.0923981
 -0.464649
----Vec----
 (281.413,0)
(-84.1097,0)
(-195.718,0)
 
 (-0.880771,0)  (-0.446544,0)   (0.157752,0)
(-0.0910792,0)  (-0.166793,0)  (-0.981732,0)
 (-0.464701,0)   (0.879078,0)  (-0.106379,0)
0.999884
0.00244793
0.0150936
0
 -0.880771
-0.0910792
 -0.464701
R:
 0.49706
0.321571
0.234141
Dot: 0.999941
 R Past:
 -0.881946
-0.0759361
 -0.465193
Current:
-0.881122
-0.086799
-0.464855 ----Vec----
 (283.594,0)
(-84.8755,0)
(-197.123,0)
 
 (-0.880656,0)   (0.446325,0)   (0.159007,0)
(-0.0924368,0)   (0.166927,0)  (-0.981582,0)
  (-0.46465,0)  (-0.879164,0)  (-0.105891,0)
0.999984
0.000927567
0.00568023
0
 -0.880656
-0.0924368
  -0.46465
----Vec----
 (287.126,0)
(-86.1167,0)
(-199.397,0)
 
  (-0.88047,0)   (0.445974,0)   (0.161012,0)
(-0.0946055,0)   (0.167141,0)  (-0.981339,0)
 (-0.464566,0)  (-0.879301,0)  (-0.105115,0)
0.999969
0.00128227
0.00782895
0
  -0.88047
-0.0946055
 -0.464566
----Vec----
  (288.02,0)
(-86.4298,0)
(-199.974,0)
 
 (-0.880424,0)   (0.445887,0)   (0.161504,0)
(-0.0951377,0)   (0.167194,0)  (-0.981279,0)
 (-0.464544,0)  (-0.879336,0)  (-0.104924,0)
0.999965
0.00137043
0.00835617
0
 -0.880424
-0.0951377
 -0.464544
----Vec----
  (294.35,0)
(-88.6585,0)
(-204.047,0)
 
 (-0.880087,0)  (-0.445266,0)   (0.165019,0)
(-0.0989391,0)  (-0.167571,0)  (-0.980838,0)
 (-0.464389,0)   (0.879578,0)  (-0.103566,0)
0.999926
0.00199738
0.0121228
0
 -0.880087
-0.0989391
 -0.464389
----Vec----
 (301.807,0)
(-91.2811,0)
(-208.848,0)
 
(-0.879697,0)  (0.444557,0)  (0.168966,0)
(-0.103207,0)  (0.167997,0) (-0.980325,0)
(-0.464199,0) (-0.879856,0) (-0.102048,0)
0.999864
0.00271359
0.0163513
0
-0.879697
-0.103207
-0.464199
----Vec----
 (299.449,0)
 (-90.453,0)
(-207.328,0)
 
(-0.879818,0) (-0.444778,0)  (0.167751,0)
(-0.101893,0) (-0.167866,0) (-0.980485,0)
 (-0.46426,0)  (0.879769,0) (-0.102515,0)
0.999885
0.00249091
0.0150495
0
-0.879818
-0.101893
 -0.46426
R:
0.490012
0.320877
0.230422
Dot: 0.999941
 R Past:
-0.881122
-0.086799
-0.464855
Current:
 -0.880206
-0.0976267
 -0.464442 ----Vec----
 (301.798,0)
(-208.838,0)
(-91.2819,0)
 
(-0.879692,0)  (0.169003,0)  (0.444553,0)
(-0.103246,0)  (-0.98032,0)  (0.168001,0)
  (-0.4642,0) (-0.102034,0) (-0.879857,0)
0.999984
0.00566308
0.000943065
0
-0.879692
-0.103246
  -0.4642
----Vec----
 (305.605,0)
(-92.6256,0)
(-211.284,0)
 
(-0.879488,0)  (0.444193,0)  (0.171003,0)
(-0.105408,0)  (0.168218,0) (-0.980053,0)
(-0.464101,0) (-0.879997,0) (-0.101267,0)
0.999969
0.00130415
0.00780579
0
-0.879488
-0.105408
-0.464101
----Vec----
 (306.568,0)
(-92.9646,0)
(-211.904,0)
 
(-0.879438,0)  (0.444104,0)  (0.171494,0)
(-0.105938,0)  (0.168271,0) (-0.979986,0)
(-0.464076,0) (-0.880032,0) (-0.101079,0)
0.999965
0.00139362
0.00833143
0
-0.879438
-0.105938
-0.464076
----Vec----
 (313.393,0)
 (-95.378,0)
(-216.285,0)
 
 (-0.879069,0)   (0.443467,0)   (0.175001,0)
 (-0.109727,0)   (0.168652,0)  (-0.979503,0)
 (-0.463895,0)   (-0.88028,0) (-0.0997397,0)
0.999926
0.00203207
0.0120878
0
-0.879069
-0.109727
-0.463895
----Vec----
 (321.435,0)
(-98.2191,0)
(-221.451,0)
 
 (-0.878643,0)   (-0.44274,0)   (0.178939,0)
  (-0.11398,0)  (-0.169082,0)  (-0.978943,0)
 (-0.463676,0)   (0.880563,0) (-0.0982424,0)
0.999865
0.00276119
0.016304
0
-0.878643
 -0.11398
-0.463676
----Vec----
 (318.891,0)
(-219.815,0)
(-97.3218,0)
 
 (-0.878775,0)   (0.177726,0)   (0.442966,0)
 (-0.112671,0)  (-0.979118,0)    (0.16895,0)
 (-0.463745,0) (-0.0987024,0)  (-0.880475,0)
0.999886
0.0150061
0.0025346
0
-0.878775
-0.112671
-0.463745
R:
 0.48297
0.320096
0.226706
Dot: 0.999941
 R Past:
 -0.880206
-0.0976267
 -0.464442
Current:
-0.879198
-0.108419
-0.463957 ----Vec----
 (321.425,0)
(-98.2199,0)
(-221.441,0)
 
 (-0.878638,0)  (-0.442736,0)   (0.178976,0)
 (-0.114019,0)  (-0.169087,0)  (-0.978938,0)
 (-0.463676,0)   (0.880565,0) (-0.0982285,0)
0.999984
0.000958949
0.00564599
0
-0.878638
-0.114019
-0.463676
----Vec----
 (325.532,0)
(-99.6757,0)
(-224.073,0)
 
 (-0.878415,0)  (-0.442367,0)   (0.180971,0)
 (-0.116174,0)  (-0.169306,0)  (-0.978646,0)
 (-0.463562,0)   (0.880709,0) (-0.0974721,0)
0.999969
0.0013268
0.00778303
0
-0.878415
-0.116174
-0.463562
----Vec----
 (326.571,0)
(-100.043,0)
 (-224.74,0)
 
 (-0.878361,0)   (0.442275,0)   (0.181461,0)
 (-0.116702,0)   (0.169359,0)  (-0.978574,0)
 (-0.463534,0)  (-0.880744,0) (-0.0972872,0)
0.999965
0.00141791
0.00830691
0
-0.878361
-0.116702
-0.463534
----Vec----
 (333.935,0)
(-102.659,0)
(-229.457,0)
 
  (-0.87796,0)   (0.441622,0)    (0.18496,0)
 (-0.120479,0)   (0.169745,0)  (-0.978049,0)
 (-0.463327,0)  (-0.880998,0) (-0.0959662,0)
0.999926
0.00206789
0.0120534
0
 -0.87796
-0.120479
-0.463327
----Vec----
 (342.617,0)
(-105.739,0)
(-235.021,0)
 
 (-0.877499,0)   (0.440877,0)   (0.188888,0)
 (-0.124717,0)   (0.170179,0)  (-0.977442,0)
 (-0.463079,0)  (-0.881287,0) (-0.0944898,0)
0.999865
0.00281009
0.0162574
0
-0.877499
-0.124717
-0.463079
----Vec----
  (339.87,0)
(-104.766,0)
(-233.259,0)
 
 (-0.877641,0)  (-0.441108,0)   (0.187679,0)
 (-0.123412,0)  (-0.170045,0)  (-0.977631,0)
 (-0.463158,0)   (0.881197,0) (-0.0949436,0)
0.999886
0.00257948
0.0149634
0
-0.877641
-0.123412
-0.463158
R:
0.475936
0.319228
0.222995
Dot: 0.999941
 R Past:
-0.879198
-0.108419
-0.463957
Current:
  -0.8781
-0.119175
-0.463398 ----Vec----
(342.607,0)
(-235.01,0)
(-105.74,0)
 
 (-0.877493,0)   (0.188925,0)   (0.440872,0)
 (-0.124757,0)  (-0.977436,0)   (0.170184,0)
 (-0.463079,0) (-0.0944763,0)  (-0.881288,0)
0.999984
0.0056292
0.000975341
0
-0.877493
-0.124757
-0.463079
----Vec----
  (347.04,0)
(-107.319,0)
(-237.847,0)
 
(-0.877253,0) (-0.440493,0)  (0.190916,0)
(-0.126904,0) (-0.170405,0) (-0.977121,0)
(-0.462951,0)  (0.881435,0) (-0.093731,0)
0.99997
0.00134975
0.00776042
0
-0.877253
-0.126904
-0.462951
----Vec----
 (348.162,0)
(-107.717,0)
(-238.565,0)
 
 (-0.877193,0)     (0.4404,0)   (0.191404,0)
  (-0.12743,0)   (0.170459,0)  (-0.977043,0)
 (-0.462918,0)  (-0.881471,0) (-0.0935481,0)
0.999965
0.00144261
0.00828288
0
-0.877193
 -0.12743
-0.462918
----Vec----
 (356.117,0)
(-110.555,0)
(-243.649,0)
 
 (-0.876761,0)   (-0.43973,0)   (0.194895,0)
 (-0.131194,0)  (-0.170849,0)  (-0.976477,0)
 (-0.462686,0)    (0.88173,0) (-0.0922463,0)
0.999927
0.00210449
0.0120194
0
-0.876761
-0.131194
-0.462686
----Vec----
 (365.497,0)
(-113.897,0)
(-249.647,0)
 
 (-0.876265,0)  (-0.438966,0)   (0.198813,0)
 (-0.135417,0)  (-0.171287,0)  (-0.975823,0)
 (-0.462409,0)   (0.882026,0) (-0.0907919,0)
0.999866
0.0028601
0.0162115
0
-0.876265
-0.135417
-0.462409
----Vec----
 (362.529,0)
(-112.841,0)
(-247.747,0)
 
 (-0.876419,0)   (0.439203,0)   (0.197608,0)
 (-0.134117,0)   (0.171152,0)  (-0.976026,0)
 (-0.462497,0)  (-0.881934,0) (-0.0912386,0)
0.999887
0.00262526
0.0149216
0
-0.876419
-0.134117
-0.462497
R:
0.468912
0.318275
0.219287
Dot: 0.999942
 R Past:
  -0.8781
-0.119175
-0.463398
Current:
-0.876912
-0.129894
-0.462766 ----Vec----
 (365.486,0)
(-113.898,0)
(-249.635,0)
 
 (-0.876259,0)   (0.438961,0)   (0.198851,0)
 (-0.135457,0)   (0.171292,0)  (-0.975816,0)
 (-0.462409,0)  (-0.882028,0) (-0.0907782,0)
0.999984
0.000992119
0.00561276
0
-0.876259
-0.135457
-0.462409
----Vec----
 (370.279,0)
(-115.612,0)
(-252.694,0)
 
 (-0.876001,0)  (-0.438572,0)   (0.200837,0)
 (-0.137597,0)  (-0.171515,0)  (-0.975478,0)
 (-0.462266,0)   (0.882177,0) (-0.0900437,0)
0.99997
0.00137332
0.00773841
0
-0.876001
-0.137597
-0.462266
----Vec----
 (371.491,0)
(-116.044,0)
(-253.469,0)
 
 (-0.875937,0)  (-0.438476,0)   (0.201324,0)
 (-0.138121,0)   (-0.17157,0)  (-0.975394,0)
  (-0.46223,0)   (0.882215,0) (-0.0898639,0)
0.999966
0.00146779
0.00825937
0
-0.875937
-0.138121
 -0.46223
----Vec----
 (380.092,0)
(-119.125,0)
(-258.953,0)
 
 (-0.875474,0)  (-0.437789,0)   (0.204807,0)
 (-0.141872,0)  (-0.171963,0)  (-0.974786,0)
 (-0.461972,0)   (0.882479,0) (-0.0885813,0)
0.999927
0.00214168
0.0119861
0
-0.875474
-0.141872
-0.461972
----Vec----
 (390.237,0)
(-122.756,0)
(-265.426,0)
 
 (-0.874943,0)  (-0.437005,0)   (0.208715,0)
  (-0.14608,0)  (-0.172406,0)  (-0.974086,0)
 (-0.461666,0)   (0.882781,0) (-0.0871493,0)
0.999866
0.00291109
0.0161666
0
-0.874943
 -0.14608
-0.461666
----Vec----
 (387.027,0)
(-121.609,0)
(-263.376,0)
 
(-0.875107,0)  (0.437248,0)  (0.207512,0)
(-0.144785,0)  (0.172269,0) (-0.974303,0)
(-0.461763,0) (-0.882687,0) (-0.087589,0)
0.999887
0.00267208
0.0148803
0
-0.875107
-0.144785
-0.461763
R:
0.461896
0.317236
0.215585
Dot: 0.999942
 R Past:
-0.876912
-0.129894
-0.462766
Current:
-0.875636
-0.140577
 -0.46206 ----Vec----
 (390.225,0)
(-122.757,0)
(-265.414,0)
 
 (-0.874936,0)     (-0.437,0)   (0.208753,0)
  (-0.14612,0)   (-0.17241,0)  (-0.974079,0)
 (-0.461666,0)   (0.882783,0) (-0.0871352,0)
0.999984
0.00100923
0.00559661
0
-0.874936
 -0.14612
-0.461666
----Vec----
 (395.411,0)
(-124.618,0)
(-268.716,0)
 
 (-0.874661,0)  (-0.436602,0)   (0.210734,0)
 (-0.148253,0)  (-0.172636,0)  (-0.973717,0)
 (-0.461508,0)   (0.882936,0) (-0.0864121,0)
0.99997
0.00139725
0.00771672
0
-0.874661
-0.148253
-0.461508
----Vec----
 (396.723,0)
(-125.089,0)
(-269.552,0)
 
 (-0.874593,0)   (0.436503,0)    (0.21122,0)
 (-0.148775,0)   (0.172691,0)  (-0.973627,0)
 (-0.461469,0)  (-0.882974,0) (-0.0862351,0)
0.999966
0.00149351
0.00823627
0
-0.874593
-0.148775
-0.461469
----Vec----
 (406.031,0)
(-128.437,0)
(-275.475,0)
 
 (-0.874099,0)   (0.435798,0)   (0.214694,0)
 (-0.152513,0)   (0.173088,0)  (-0.972978,0)
 (-0.461185,0)  (-0.883245,0) (-0.0849722,0)
0.999927
0.00218001
0.0119535
0
-0.874099
-0.152513
-0.461185
----Vec----
 (417.015,0)
(-132.384,0)
(-282.467,0)
 
 (-0.873533,0)   (0.434995,0)   (0.218592,0)
 (-0.156705,0)   (0.173534,0)  (-0.972232,0)
  (-0.46085,0)  (-0.883553,0) (-0.0835627,0)
0.999867
0.00296322
0.0161226
0
-0.873533
-0.156705
 -0.46085
----Vec----
 (413.538,0)
(-131.137,0)
(-280.252,0)
 
 (-0.873708,0)  (-0.435244,0)   (0.217393,0)
 (-0.155416,0)  (-0.173396,0)  (-0.972463,0)
 (-0.460956,0)   (0.883457,0) (-0.0839952,0)
0.999887
0.00271994
0.0148403
0
-0.873708
-0.155416
-0.460956
R:
0.454891
0.316111
0.211889
Dot: 0.999942
 R Past:
-0.875636
-0.140577
 -0.46206
Current:
-0.874271
-0.151222
-0.461282 ----Vec----
 (417.002,0)
(-282.454,0)
(-132.385,0)
 
(-0.873526,0) (-0.218631,0) (-0.434989,0)
(-0.156746,0)  (0.972224,0) (-0.173539,0)
 (-0.46085,0) (0.0835488,0)  (0.883555,0)
0.999984
0.00558056
0.0010269
0
-0.873526
-0.156746
 -0.46085
----Vec----
 (422.618,0)
(-134.409,0)
(-286.022,0)
 
 (-0.873233,0)   (-0.43458,0)   (0.220607,0)
 (-0.158871,0)  (-0.173766,0)  (-0.971839,0)
 (-0.460678,0)   (0.883711,0) (-0.0828367,0)
0.99997
0.00142205
0.00769535
0
-0.873233
-0.158871
-0.460678
----Vec----
 (424.039,0)
(-134.921,0)
(-286.927,0)
 
 (-0.873161,0)  (-0.434479,0)   (0.221091,0)
 (-0.159392,0)  (-0.173822,0)  (-0.971744,0)
 (-0.460634,0)    (0.88375,0) (-0.0826626,0)
0.999966
0.00152004
0.00821339
0
-0.873161
-0.159392
-0.460634
----Vec----
 (434.123,0)
(-138.563,0)
(-293.329,0)
 
 (-0.872636,0)   (0.433756,0)   (0.224557,0)
 (-0.163117,0)   (0.174221,0)  (-0.971053,0)
 (-0.460325,0)  (-0.884026,0) (-0.0814197,0)
0.999927
0.00221905
0.0119216
0
-0.872636
-0.163117
-0.460325
----Vec----
 (446.027,0)
(-142.858,0)
(-300.891,0)
 
 (-0.872037,0)  (-0.432932,0)   (0.228445,0)
 (-0.167293,0)  (-0.174671,0)  (-0.970262,0)
 (-0.459962,0)   (0.884341,0) (-0.0800332,0)
0.999867
0.00301677
0.0160793
0
-0.872037
-0.167293
-0.459962
----Vec----
  (442.26,0)
(-141.501,0)
(-298.496,0)
 
 (-0.872222,0)  (-0.433188,0)   (0.227249,0)
 (-0.166009,0)  (-0.174533,0)  (-0.970507,0)
 (-0.460076,0)   (0.884243,0) (-0.0804588,0)
0.999888
0.00276887
0.0148007
0
-0.872222
-0.166009
-0.460076
R:
0.447897
0.314901
0.208199
Dot: 0.999942
 R Past:
-0.874271
-0.151222
-0.461282
Current:
-0.872819
 -0.16183
-0.460431 ----Vec----
 (446.014,0)
(-142.859,0)
(-300.877,0)
 
 (-0.872029,0)   (0.432927,0)   (0.228483,0)
 (-0.167334,0)   (0.174676,0)  (-0.970254,0)
 (-0.459961,0)  (-0.884343,0) (-0.0800192,0)
0.999984
0.00104493
0.00556479
0
-0.872029
-0.167334
-0.459961
----Vec----
 (452.102,0)
(-145.063,0)
(-304.738,0)
 
(-0.871719,0) (-0.432507,0)  (0.230455,0)
(-0.169452,0) (-0.174905,0) (-0.969845,0)
(-0.459774,0)  (0.884503,0) (-0.079319,0)
0.99997
0.00144729
0.00767426
0
-0.871719
-0.169452
-0.459774
----Vec----
 (453.643,0)
 (-145.62,0)
(-305.716,0)
 
 (-0.871643,0)  (-0.432403,0)   (0.230938,0)
  (-0.16997,0)  (-0.174961,0)  (-0.969744,0)
 (-0.459728,0)   (0.884543,0) (-0.0791479,0)
0.999966
0.0015471
0.00819086
0
-0.871643
 -0.16997
-0.459728
----Vec----
  (464.58,0)
(-149.586,0)
(-312.645,0)
 
 (-0.871087,0)  (-0.431662,0)   (0.234396,0)
 (-0.173682,0)  (-0.175364,0)  (-0.969013,0)
 (-0.459392,0)   (0.884825,0) (-0.0779254,0)
0.999928
0.00225887
0.0118901
0
-0.871087
-0.173682
-0.459392
----Vec----
 (477.495,0)
(-320.832,0)
(-154.265,0)
 
 (-0.870454,0)   (0.238272,0)   (0.430817,0)
 (-0.177843,0)  (-0.968176,0)   (0.175817,0)
 (-0.459001,0) (-0.0765621,0)  (-0.885147,0)
0.999868
0.0160369
0.00307134
0
-0.870454
-0.177843
-0.459001
----Vec----
 (473.407,0)
(-152.786,0)
(-318.238,0)
 
  (-0.87065,0)   (0.431079,0)    (0.23708,0)
 (-0.176563,0)   (0.175678,0)  (-0.968435,0)
 (-0.459124,0)  (-0.885047,0) (-0.0769802,0)
0.999888
0.00281888
0.0147618
0
 -0.87065
-0.176563
-0.459124
R:
0.440915
0.313607
0.204515
Dot: 0.999942
 R Past:
-0.872819
 -0.16183
-0.460431
Current:
-0.871281
  -0.1724
-0.459508 ----Vec----
 (477.481,0)
(-154.266,0)
(-320.817,0)
 
 (-0.870446,0)  (-0.430811,0)   (0.238312,0)
 (-0.177884,0)  (-0.175822,0)  (-0.968167,0)
    (-0.459,0)   (0.885149,0) (-0.0765482,0)
0.999984
0.0010632
0.00554956
0
-0.870446
-0.177884
   -0.459
----Vec----
 (484.089,0)
(-156.668,0)
(-324.998,0)
 
 (-0.870118,0)  (-0.430381,0)   (0.240278,0)
 (-0.179994,0)  (-0.176053,0)  (-0.967735,0)
 (-0.458798,0)   (0.885312,0) (-0.0758593,0)
0.99997
0.00147322
0.007654
0
-0.870118
-0.179994
-0.458798
----Vec----
 (485.762,0)
(-157.274,0)
(-326.057,0)
 
 (-0.870038,0)   (0.430275,0)    (0.24076,0)
 (-0.180511,0)   (0.176109,0)  (-0.967629,0)
 (-0.458748,0)  (-0.885353,0) (-0.0756913,0)
0.999966
0.00157478
0.00816934
0
-0.870038
-0.180511
-0.458748
----Vec----
 (497.637,0)
(-161.597,0)
(-333.565,0)
 
 (-0.869453,0)  (-0.429515,0)   (0.244209,0)
 (-0.184209,0)  (-0.176515,0)  (-0.966858,0)
 (-0.458387,0)   (0.885641,0) (-0.0744894,0)
0.999928
0.00229988
0.0118596
0
-0.869453
-0.184209
-0.458387
----Vec----
 (511.664,0)
(-342.437,0)
  (-166.7,0)
 
(-0.868786,0)  (0.248075,0)  (0.428648,0)
(-0.188354,0) (-0.965975,0)   (0.17697,0)
(-0.457967,0)  (-0.07315,0)  (-0.88597,0)
0.999869
0.0159955
0.00312692
0
-0.868786
-0.188354
-0.457967
----Vec----
 (507.223,0)
(-165.086,0)
(-339.626,0)
 
 (-0.868992,0)  (-0.428917,0)   (0.246886,0)
  (-0.18708,0)   (-0.17683,0)  (-0.966248,0)
 (-0.458099,0)   (0.885867,0) (-0.0735607,0)
0.999889
0.00287011
0.0147242
0
-0.868992
 -0.18708
-0.458099
R:
0.433944
0.312228
0.200839
Dot: 0.999943
 R Past:
-0.871281
  -0.1724
-0.459508
Current:
-0.869657
-0.182932
-0.458511 ----Vec----
 (511.649,0)
(-166.701,0)
(-342.421,0)
 
 (-0.868778,0)  (-0.428642,0)   (0.248114,0)
 (-0.188396,0)  (-0.176976,0)  (-0.965966,0)
 (-0.457966,0)   (0.885972,0) (-0.0731359,0)
0.999985
0.00108194
0.00553444
0
-0.868778
-0.188396
-0.457966
----Vec----
 (518.828,0)
(-346.955,0)
 (-169.32,0)
 
 (-0.868433,0)   (0.250076,0)   (0.428201,0)
 (-0.190498,0)  (-0.965511,0)   (0.177208,0)
  (-0.45775,0) (-0.0724592,0)  (-0.886138,0)
0.99997
0.00763386
0.00149971
0
-0.868433
-0.190498
 -0.45775
----Vec----
 (520.646,0)
(-169.982,0)
(-348.104,0)
 
 (-0.868348,0)  (-0.428092,0)   (0.250556,0)
 (-0.191013,0)  (-0.177264,0)  (-0.965399,0)
 (-0.457696,0)    (0.88618,0) (-0.0722942,0)
0.999966
0.00160295
0.00814784
0
-0.868348
-0.191013
-0.457696
----Vec----
 (533.554,0)
(-174.699,0)
(-356.247,0)
 
 (-0.867733,0)  (-0.427312,0)   (0.253996,0)
 (-0.194698,0)  (-0.177673,0)  (-0.964587,0)
  (-0.45731,0)   (0.886474,0) (-0.0711133,0)
0.999928
0.00234154
0.0118295
0
-0.867733
-0.194698
 -0.45731
----Vec----
 (548.807,0)
(-180.269,0)
(-365.874,0)
 
 (-0.867033,0)  (-0.426424,0)   (0.257852,0)
 (-0.198827,0)  (-0.178131,0)   (-0.96366,0)
 (-0.456861,0)    (0.88681,0) (-0.0697977,0)
0.999869
0.00318387
0.015955
0
-0.867033
-0.198827
-0.456861
----Vec----
 (543.977,0)
(-178.508,0)
(-362.824,0)
 
 (-0.867249,0)     (0.4267,0)   (0.256667,0)
 (-0.197558,0)    (0.17799,0)  (-0.963947,0)
 (-0.457001,0)  (-0.886706,0) (-0.0702012,0)
0.999889
0.00292218
0.014687
0
-0.867249
-0.197558
-0.457001
R:
0.426987
0.310764
0.197171
Dot: 0.999943
 R Past:
-0.869657
-0.182932
-0.458511
Current:
-0.867948
-0.193425
-0.457443 ----Vec----
 (548.791,0)
 (-180.27,0)
(-365.858,0)
 
 (-0.867024,0)  (-0.426418,0)   (0.257892,0)
 (-0.198869,0)  (-0.178136,0)   (-0.96365,0)
 (-0.456859,0)   (0.886812,0) (-0.0697841,0)
0.999985
0.00110111
0.0055196
0
-0.867024
-0.198869
-0.456859
----Vec----
   (556.6,0)
(-183.131,0)
(-370.779,0)
 
 (-0.866663,0)  (-0.425965,0)   (0.259848,0)
 (-0.200964,0)   (-0.17837,0)  (-0.963173,0)
 (-0.456629,0)   (0.886982,0) (-0.0691196,0)
0.99997
0.00152656
0.0076142
0
-0.866663
-0.200964
-0.456629
----Vec----
 (558.578,0)
(-183.853,0)
(-372.026,0)
 
(-0.866574,0)  (0.425854,0)  (0.260327,0)
(-0.201476,0)  (0.178427,0) (-0.963055,0)
(-0.456571,0) (-0.887025,0) (-0.068957,0)
0.999966
0.00163183
0.00812685
0
-0.866574
-0.201476
-0.456571
----Vec----
 (572.623,0)
(-189.006,0)
(-380.869,0)
 
 (-0.865929,0)  (-0.425054,0)   (0.263758,0)
 (-0.205148,0)  (-0.178838,0)  (-0.962203,0)
 (-0.456159,0)   (0.887325,0) (-0.0677976,0)
0.999928
0.00238419
0.0118002
0
-0.865929
-0.205148
-0.456159
----Vec----
 (589.229,0)
(-195.093,0)
(-391.329,0)
 
 (-0.865196,0)  (-0.424143,0)   (0.267602,0)
 (-0.209261,0)  (-0.179298,0)  (-0.961231,0)
 (-0.455682,0)   (0.887668,0) (-0.0665065,0)
0.999869
0.00324214
0.0159151
0
-0.865196
-0.209261
-0.455682
----Vec----
  (583.97,0)
(-193.168,0)
(-388.014,0)
 
 (-0.865422,0)  (-0.424425,0)   (0.266421,0)
 (-0.207997,0)  (-0.179157,0)  (-0.961532,0)
 (-0.455831,0)   (0.887562,0) (-0.0669025,0)
0.999889
0.00297606
0.0146507
0
-0.865422
-0.207997
-0.455831
R:
0.420044
0.309217
0.193512
Dot: 0.999943
 R Past:
-0.867948
-0.193425
-0.457443
Current:
-0.866154
 -0.20388
-0.456301 ----Vec----
 (589.212,0)
(-195.094,0)
 (-391.31,0)
 
 (-0.865187,0)   (0.424137,0)   (0.267643,0)
 (-0.209304,0)   (0.179304,0)  (-0.961221,0)
  (-0.45568,0)   (-0.88767,0) (-0.0664934,0)
0.999985
0.00112095
0.00550517
0
-0.865187
-0.209304
 -0.45568
----Vec----
 (597.717,0)
(-198.221,0)
(-396.659,0)
 
 (-0.864808,0)   (0.423673,0)   (0.269594,0)
  (-0.21139,0)   (0.179538,0)  (-0.960721,0)
 (-0.455435,0)  (-0.887844,0) (-0.0658407,0)
0.99997
0.00155431
0.00759497
0
-0.864808
 -0.21139
-0.455435
----Vec----
 (599.871,0)
(-199.011,0)
(-398.015,0)
 
 (-0.864716,0)   (0.423558,0)   (0.270072,0)
 (-0.211901,0)   (0.179595,0)  (-0.960597,0)
 (-0.455374,0)  (-0.887887,0) (-0.0656817,0)
0.999966
0.00166151
0.0081062
0
-0.864716
-0.211901
-0.455374
----Vec----
 (615.173,0)
(-204.646,0)
(-407.629,0)
 
 (-0.864041,0)  (-0.422738,0)   (0.273494,0)
 (-0.215559,0)  (-0.180008,0)  (-0.959706,0)
 (-0.454936,0)   (0.888195,0) (-0.0645436,0)
0.999929
0.00242803
0.0117715
0
-0.864041
-0.215559
-0.454936
----Vec----
 (633.272,0)
(-211.305,0)
(-419.006,0)
 
 (-0.863276,0)  (-0.421805,0)   (0.277327,0)
 (-0.219656,0)   (-0.18047,0)   (-0.95869,0)
  (-0.45443,0)   (0.888544,0) (-0.0632774,0)
0.99987
0.00330183
0.0158763
0
-0.863276
-0.219656
 -0.45443
----Vec----
  (627.54,0)
(-209.199,0)
  (-415.4,0)
 
 (-0.863512,0)  (-0.422094,0)   (0.276149,0)
 (-0.218397,0)  (-0.180328,0)  (-0.959004,0)
 (-0.454588,0)   (0.888436,0) (-0.0636653,0)
0.99989
0.00303078
0.0146154
0
-0.863512
-0.218397
-0.454588
R:
0.413114
0.307586
0.189861
Dot: 0.999943
 R Past:
-0.866154
 -0.20388
-0.456301
Current:
-0.864276
-0.214296
-0.455087 ----Vec----
 (633.254,0)
(-211.306,0)
(-418.987,0)
 
 (-0.863266,0)  (-0.421797,0)   (0.277368,0)
 (-0.219699,0)  (-0.180476,0)  (-0.958679,0)
 (-0.454427,0)   (0.888547,0) (-0.0632638,0)
0.999985
0.00114134
0.00549099
0
-0.863266
-0.219699
-0.454427
----Vec----
 (642.528,0)
(-214.728,0)
(-424.807,0)
 
 (-0.862871,0)  (-0.421322,0)   (0.279314,0)
 (-0.221778,0)  (-0.180711,0)  (-0.958156,0)
 (-0.454168,0)   (0.888725,0) (-0.0626242,0)
0.999971
0.0015828
0.00757609
0
-0.862871
-0.221778
-0.454168
----Vec----
 (644.877,0)
(-215.593,0)
(-426.282,0)
 
(-0.862774,0) (-0.421204,0)   (0.27979,0)
(-0.222287,0) (-0.180769,0) (-0.958027,0)
(-0.454103,0)  (0.888769,0) (-0.062468,0)
0.999967
0.00169194
0.00808616
0
-0.862774
-0.222287
-0.454103
----Vec----
 (661.569,0)
(-221.762,0)
(-436.749,0)
 
  (-0.86207,0)  (-0.420363,0)   (0.283203,0)
 (-0.225931,0)  (-0.181183,0)  (-0.957096,0)
 (-0.453641,0)   (0.889082,0) (-0.0613521,0)
0.999929
0.00247285
0.0117435
0
 -0.86207
-0.225931
-0.453641
----Vec----
  (681.32,0)
(-229.057,0)
(-449.139,0)
 
 (-0.861272,0)   (0.419407,0)   (0.287025,0)
 (-0.230012,0)   (0.181647,0)  (-0.956035,0)
 (-0.453106,0)  (-0.889439,0) (-0.0601111,0)
0.99987
0.00336295
0.0158384
0
-0.861272
-0.230012
-0.453106
----Vec----
 (675.063,0)
(-226.749,0)
(-445.212,0)
 
 (-0.861518,0)  (-0.419703,0)   (0.285851,0)
 (-0.228758,0)  (-0.181505,0)  (-0.956363,0)
 (-0.453273,0)   (0.889329,0) (-0.0604913,0)
0.99989
0.00308678
0.0145808
0
-0.861518
-0.228758
-0.453273
R:
  0.4062
0.305871
 0.18622
Dot: 0.999943
 R Past:
-0.864276
-0.214296
-0.455087
Current:
-0.862315
-0.224673
  -0.4538 ----Vec----
 (681.301,0)
(-229.058,0)
(-449.119,0)
 
 (-0.861262,0)  (-0.419399,0)   (0.287066,0)
 (-0.230055,0)  (-0.181653,0)  (-0.956024,0)
 (-0.453103,0)   (0.889442,0) (-0.0600973,0)
0.999985
0.00116196
0.00547707
0
-0.861262
-0.230055
-0.453103
----Vec----
 (691.426,0)
(-232.808,0)
 (-455.46,0)
 
  (-0.86085,0)   (0.418911,0)   (0.289007,0)
 (-0.232126,0)   (0.181889,0)  (-0.955478,0)
 (-0.452829,0)  (-0.889623,0) (-0.0594705,0)
0.999971
0.00161177
0.00755782
0
 -0.86085
-0.232126
-0.452829
----Vec----
  (693.99,0)
(-233.755,0)
(-457.068,0)
 
  (-0.86075,0)   (0.418791,0)   (0.289482,0)
 (-0.232633,0)   (0.181946,0)  (-0.955344,0)
 (-0.452761,0)  (-0.889668,0) (-0.0593177,0)
0.999967
0.00172284
0.00806649
0
 -0.86075
-0.232633
-0.452761
----Vec----
 (712.221,0)
(-240.517,0)
(-468.477,0)
 
(-0.860017,0) (-0.417929,0)  (0.292885,0)
(-0.236264,0) (-0.182362,0) (-0.954373,0)
(-0.452272,0)  (0.889989,0) (-0.058224,0)
0.999929
0.00251845
0.0117162
0
-0.860017
-0.236264
-0.452272
----Vec----
 (733.802,0)
(-248.517,0)
(-481.988,0)
 
 (-0.859187,0)  (-0.416948,0)   (0.296696,0)
 (-0.240328,0)  (-0.182827,0)  (-0.953269,0)
 (-0.451709,0)   (0.890353,0) (-0.0570085,0)
0.99987
0.00342536
0.0158015
0
-0.859187
-0.240328
-0.451709
----Vec----
 (726.965,0)
(-245.985,0)
(-477.705,0)
 
 (-0.859442,0)   (0.417252,0)   (0.295526,0)
  (-0.23908,0)   (0.182684,0)   (-0.95361,0)
 (-0.451884,0)   (-0.89024,0) (-0.0573809,0)
0.99989
0.00314406
0.014547
0
-0.859442
 -0.23908
-0.451884
R:
0.399302
0.304074
 0.18259
Dot: 0.999943
 R Past:
-0.862315
-0.224673
  -0.4538
Current:
-0.860272
 -0.23501
 -0.45244 ----Vec----
 (733.781,0)
(-248.518,0)
(-481.966,0)
 
 (-0.859176,0)    (0.41694,0)   (0.296737,0)
 (-0.240372,0)   (0.182833,0)  (-0.953257,0)
 (-0.451705,0)  (-0.890356,0) (-0.0569948,0)
0.999985
0.00118333
0.00546336
0
-0.859176
-0.240372
-0.451705
----Vec----
 (744.849,0)
(-252.631,0)
(-488.885,0)
 
(-0.858748,0)   (0.41644,0)  (0.298673,0)
(-0.242435,0)  (0.183069,0) (-0.952689,0)
(-0.451417,0) (-0.890541,0) (-0.056381,0)
0.999971
0.0016416
0.00753975
0
-0.858748
-0.242435
-0.451417
----Vec----
 (747.652,0)
(-490.639,0)
(-253.671,0)
 
(-0.858643,0) (-0.299146,0) (-0.416317,0)
 (-0.24294,0)  (0.952549,0) (-0.183127,0)
(-0.451345,0) (0.0562311,0)  (0.890587,0)
0.999967
0.00804722
0.00175482
0
-0.858643
 -0.24294
-0.451345
----Vec----
  (767.59,0)
(-261.092,0)
(-503.091,0)
 
 (-0.857882,0)  (-0.415433,0)   (0.302541,0)
 (-0.246557,0)  (-0.183544,0)  (-0.951539,0)
 (-0.450831,0)   (0.890914,0) (-0.0551602,0)
0.999929
0.00256568
0.0116896
0
-0.857882
-0.246557
-0.450831
----Vec----
 (791.202,0)
(-269.875,0)
(-517.845,0)
 
  (-0.85702,0)   (0.414428,0)   (0.306339,0)
 (-0.250605,0)   (0.184009,0)  (-0.950391,0)
 (-0.450238,0)  (-0.891286,0) (-0.0539707,0)
0.999871
0.00348902
0.0157651
0
 -0.85702
-0.250605
-0.450238
----Vec----
  (783.72,0)
(-267.096,0)
(-513.166,0)
 
 (-0.857285,0)  (-0.414739,0)   (0.305173,0)
 (-0.249362,0)  (-0.183866,0)  (-0.950746,0)
 (-0.450423,0)    (0.89117,0) (-0.0543349,0)
0.999891
0.0032028
0.014514
0
-0.857285
-0.249362
-0.450423
R:
 0.39242
0.302194
0.178971
Dot: 0.999944
 R Past:
-0.860272
 -0.23501
 -0.45244
Current:
-0.858147
-0.245307
-0.451008 ----Vec----
  (791.18,0)
(-269.876,0)
(-517.821,0)
 
 (-0.857008,0)    (0.41442,0)   (0.306382,0)
 (-0.250649,0)   (0.184015,0)  (-0.950378,0)
 (-0.450235,0)  (-0.891288,0) (-0.0539571,0)
0.999985
0.00120485
0.00545037
0
-0.857008
-0.250649
-0.450235
----Vec----
 (803.294,0)
(-274.395,0)
(-525.379,0)
 
 (-0.856564,0)  (-0.413907,0)   (0.308311,0)
 (-0.252704,0)  (-0.184252,0)  (-0.949788,0)
 (-0.449932,0)   (0.891477,0) (-0.0533559,0)
0.999971
0.00167188
0.0075224
0
-0.856564
-0.252704
-0.449932
----Vec----
 (806.363,0)
(-275.537,0)
(-527.296,0)
 
 (-0.856455,0)  (-0.413781,0)   (0.308783,0)
 (-0.253207,0)   (-0.18431,0)  (-0.949643,0)
 (-0.449856,0)   (0.891524,0) (-0.0532092,0)
0.999967
0.00178733
0.00802866
0
-0.856455
-0.253207
-0.449856
----Vec----
 (828.196,0)
(-283.692,0)
(-540.906,0)
 
 (-0.855665,0)   (0.412874,0)   (0.312168,0)
 (-0.256811,0)   (0.184727,0)  (-0.948594,0)
 (-0.449317,0)  (-0.891858,0) (-0.0521615,0)
0.999929
0.0026134
0.0116639
0
-0.855665
-0.256811
-0.449317
----Vec----
 (854.065,0)
(-293.348,0)
(-557.038,0)
 
 (-0.854771,0)  (-0.411844,0)   (0.315955,0)
 (-0.260842,0)  (-0.185193,0)  (-0.947403,0)
 (-0.448695,0)   (0.892238,0) (-0.0509979,0)
0.999871
0.00355434
0.0157303
0
-0.854771
-0.260842
-0.448695
----Vec----
 (845.867,0)
(-290.292,0)
(-551.922,0)
 
 (-0.855046,0)  (-0.412163,0)   (0.314793,0)
 (-0.259604,0)   (-0.18505,0)   (-0.94777,0)
 (-0.448889,0)    (0.89212,0) (-0.0513537,0)
0.999891
0.00326264
0.0144824
0
-0.855046
-0.259604
-0.448889
R:
0.385555
0.300231
0.175363
Dot: 0.999944
 R Past:
-0.858147
-0.245307
-0.451008
Current:
 -0.85594
-0.255566
-0.449503 ----Vec----
 (854.041,0)
(-293.349,0)
(-557.013,0)
 
  (-0.85476,0)  (-0.411835,0)   (0.315998,0)
 (-0.260887,0)  (-0.185199,0)  (-0.947389,0)
 (-0.448692,0)    (0.89224,0) (-0.0509848,0)
0.999985
0.00122738
0.00543725
0
 -0.85476
-0.260887
-0.448692
----Vec----
 (867.318,0)
(-298.319,0)
 (-565.28,0)
 
 (-0.854299,0)    (0.41131,0)   (0.317922,0)
 (-0.262934,0)   (0.185436,0)  (-0.946777,0)
 (-0.448374,0)  (-0.892433,0) (-0.0503964,0)
0.999971
0.00170299
0.00750536
0
-0.854299
-0.262934
-0.448374
----Vec----
 (870.682,0)
(-299.575,0)
(-567.377,0)
 
 (-0.854186,0)   (0.411181,0)   (0.318392,0)
 (-0.263434,0)   (0.185494,0)  (-0.946626,0)
 (-0.448295,0)  (-0.892481,0) (-0.0502538,0)
0.999967
0.00182053
0.00801036
0
-0.854186
-0.263434
-0.448295
----Vec----
 (894.622,0)
(-308.548,0)
(-582.272,0)
 
 (-0.853368,0)  (-0.410252,0)   (0.321768,0)
 (-0.267024,0)  (-0.185911,0)  (-0.945538,0)
 (-0.447729,0)   (0.892822,0) (-0.0492284,0)
0.99993
0.00266245
0.0116384
0
-0.853368
-0.267024
-0.447729
----Vec----
 (923.005,0)
(-319.178,0)
(-599.938,0)
 
 (-0.852442,0)   (0.409196,0)   (0.325542,0)
 (-0.271039,0)   (0.186377,0)  (-0.944304,0)
 (-0.447079,0)  (-0.893209,0) (-0.0480913,0)
0.999871
0.00362113
0.015696
0
-0.852442
-0.271039
-0.447079
----Vec----
 (914.008,0)
(-315.812,0)
(-594.335,0)
 
 (-0.852727,0)  (-0.409523,0)   (0.324384,0)
 (-0.269807,0)  (-0.186234,0)  (-0.944684,0)
 (-0.447282,0)   (0.893089,0) (-0.0484392,0)
0.999891
0.00332394
0.0144512
0
-0.852727
-0.269807
-0.447282
R:
0.378707
0.298187
0.171767
Dot: 0.999944
 R Past:
 -0.85594
-0.255566
-0.449503
Current:
-0.853653
-0.265784
-0.447924 ----Vec----
 (922.978,0)
(-319.179,0)
 (-599.91,0)
 
  (-0.85243,0)   (0.409187,0)   (0.325586,0)
 (-0.271084,0)   (0.186383,0)  (-0.944289,0)
 (-0.447075,0)  (-0.893212,0) (-0.0480782,0)
0.999985
0.00125012
0.0054248
0
 -0.85243
-0.271084
-0.447075
----Vec----
 (937.552,0)
(-324.652,0)
(-608.968,0)
 
 (-0.851954,0)  (-0.408648,0)   (0.327505,0)
 (-0.273124,0)   (-0.18662,0)  (-0.943655,0)
 (-0.446743,0)   (0.893409,0) (-0.0475039,0)
0.999971
0.001735
0.00748861
0
-0.851954
-0.273124
-0.446743
----Vec----
 (941.245,0)
(-326.036,0)
(-611.265,0)
 
 (-0.851837,0)   (0.408516,0)   (0.327973,0)
 (-0.273622,0)   (0.186677,0)  (-0.943499,0)
  (-0.44666,0)  (-0.893458,0) (-0.0473637,0)
0.999967
0.00185466
0.00799283
0
-0.851837
-0.273622
 -0.44666
----Vec----
 (967.535,0)
(-335.922,0)
(-627.592,0)
 
  (-0.85099,0)  (-0.407563,0)   (0.331339,0)
 (-0.277198,0)  (-0.187094,0)  (-0.942372,0)
 (-0.446068,0)   (0.893805,0) (-0.0463625,0)
0.99993
0.00271276
0.0116139
0
 -0.85099
-0.277198
-0.446068
----Vec----
 (998.716,0)
(-347.641,0)
(-646.963,0)
 
 (-0.850034,0)   (0.406482,0)   (0.335102,0)
 (-0.281196,0)   (0.187559,0)  (-0.941095,0)
  (-0.44539,0)    (-0.8942,0) (-0.0452525,0)
0.999871
0.00368962
0.0156626
0
-0.850034
-0.281196
 -0.44539
----Vec----
 (988.831,0)
(-343.929,0)
(-640.817,0)
 
 (-0.850328,0)  (-0.406816,0)   (0.333948,0)
  (-0.27997,0)  (-0.187417,0)  (-0.941488,0)
 (-0.445601,0)   (0.894078,0) (-0.0455919,0)
0.999891
0.00338718
0.0144209
0
-0.850328
 -0.27997
-0.445601
R:
0.371878
0.296061
0.168183
Dot: 0.999944
 R Past:
-0.853653
-0.265784
-0.447924
Current:
-0.851285
-0.275963
-0.446272 ----Vec----
 (998.687,0)
(-347.641,0)
(-646.933,0)
 
 (-0.850021,0)   (0.406472,0)   (0.335145,0)
 (-0.281242,0)   (0.187565,0)   (-0.94108,0)
 (-0.445385,0)  (-0.894203,0) (-0.0452387,0)
0.999985
0.00127342
0.00541243
0
-0.850021
-0.281242
-0.445385
----Vec----
 (1014.71,0)
(-353.677,0)
(-656.871,0)
 
 (-0.849528,0)   (0.405921,0)   (0.337058,0)
 (-0.283273,0)   (0.187802,0)  (-0.940423,0)
 (-0.445038,0)  (-0.894404,0) (-0.0446781,0)
0.999971
0.00176755
0.0074726
0
-0.849528
-0.283273
-0.445038
----Vec----
 (1018.77,0)
(-355.204,0)
(-659.391,0)
 
 (-0.849407,0)  (-0.405785,0)   (0.337525,0)
 (-0.283769,0)  (-0.187859,0)  (-0.940262,0)
 (-0.444952,0)   (0.894454,0) (-0.0445414,0)
0.999967
0.0018895
0.00797552
0
-0.849407
-0.283769
-0.444952
----Vec----
 (1047.68,0)
 (-366.11,0)
(-677.312,0)
 
 (-0.848533,0)  (-0.404808,0)   (0.340881,0)
 (-0.287332,0)  (-0.188276,0)  (-0.939096,0)
 (-0.444334,0)   (0.894809,0) (-0.0435639,0)
0.99993
0.00276396
0.0115902
0
-0.848533
-0.287332
-0.444334
----Vec----
 (1081.99,0)
(-379.047,0)
(-698.587,0)
 
(-0.847545,0)    (0.4037,0) (-0.344631,0)
(-0.291313,0)  (0.188738,0)  (0.937776,0)
(-0.443626,0) (-0.895212,0) (0.0424806,0)
0.999872
0.00375929
0.0156305
0
-0.847545
-0.291313
-0.443626
----Vec----
 (1071.11,0)
(-691.836,0)
(-374.949,0)
 
 (-0.847848,0)   (0.343482,0)   (0.404043,0)
 (-0.290092,0)  (-0.938183,0)   (0.188597,0)
 (-0.443847,0) (-0.0428119,0)  (-0.895087,0)
0.999891
0.0143917
0.0034509
0
-0.847848
-0.290092
-0.443847
R:
0.365068
0.293853
0.164613
Dot: 0.999944
 R Past:
-0.851285
-0.275963
-0.446272
Current:
-0.848837
-0.286101
-0.444547 ----Vec----
 (1081.95,0)
(-379.048,0)
(-698.555,0)
 
(-0.847532,0)  (0.403691,0) (-0.344676,0)
(-0.291359,0)  (0.188745,0)  (0.937761,0)
(-0.443622,0) (-0.895215,0) (0.0424676,0)
0.999985
0.00129735
0.00540069
0
-0.847532
-0.291359
-0.443622
----Vec----
 (1099.59,0)
(-385.713,0)
(-709.474,0)
 
(-0.847023,0)  (0.403125,0) (-0.346583,0)
(-0.293383,0)  (0.188981,0)  (0.937082,0)
(-0.443259,0)  (-0.89542,0) (0.0419204,0)
0.999971
0.00180101
0.00745696
0
-0.847023
-0.293383
-0.443259
----Vec----
 (1104.06,0)
  (-387.4,0)
(-712.244,0)
 
(-0.846898,0)  (0.402986,0) (-0.347049,0)
(-0.293877,0)  (0.189039,0)  (0.936916,0)
 (-0.44317,0)  (-0.89547,0) (0.0417873,0)
0.999967
0.00192523
0.00795889
0
-0.846898
-0.293877
 -0.44317
----Vec----
  (1135.9,0)
(-399.451,0)
(-731.945,0)
 
(-0.845996,0)  (0.401985,0) (-0.350394,0)
(-0.297425,0)  (0.189453,0)  (0.935712,0)
(-0.442526,0) (-0.895832,0) (0.0408337,0)
0.99993
0.00281674
0.0115672
0
-0.845996
-0.297425
-0.442526
----Vec----
 (1173.71,0)
(-413.753,0)
(-755.346,0)
 
(-0.844977,0)  (-0.40085,0) (-0.354132,0)
 (-0.30139,0) (-0.189914,0)  (0.934349,0)
(-0.441789,0)  (0.896243,0) (0.0397782,0)
0.999872
0.00383076
0.0155991
0
-0.844977
 -0.30139
-0.441789
----Vec----
 (1161.72,0)
(-409.222,0)
(-747.919,0)
 
 (-0.84529,0) (-0.401202,0) (-0.352987,0)
(-0.300175,0) (-0.189773,0)  (0.934769,0)
(-0.442018,0)  (0.896116,0) (0.0401005,0)
0.999891
0.0035165
0.0143634
0
 -0.84529
-0.300175
-0.442018
R:
0.358277
0.291564
0.161057
Dot: 0.999944
 R Past:
-0.848837
-0.286101
-0.444547
Current:
 -0.84631
-0.296199
-0.442748 ----Vec----
 (1173.67,0)
(-413.754,0)
(-755.311,0)
 
(-0.844963,0)   (0.40084,0) (-0.354177,0)
(-0.301437,0)  (0.189921,0)  (0.934333,0)
(-0.441784,0) (-0.896246,0) (0.0397649,0)
0.999985
0.00132185
0.00538892
0
-0.844963
-0.301437
-0.441784
----Vec----
 (1193.11,0)
(-421.125,0)
(-767.328,0)
 
(-0.844439,0)  (0.400261,0) (-0.356079,0)
(-0.303452,0)  (0.190156,0)  (0.933632,0)
(-0.441407,0) (-0.896455,0) (0.0392316,0)
0.999971
0.00183529
0.00744188
0
-0.844439
-0.303452
-0.441407
----Vec----
 (1198.04,0)
(-422.992,0)
(-770.377,0)
 
(-0.844311,0) (-0.400118,0) (-0.356542,0)
(-0.303944,0) (-0.190213,0)  (0.933461,0)
(-0.441314,0)  (0.896507,0)  (0.039102,0)
0.999967
0.00196195
0.00794253
0
-0.844311
-0.303944
-0.441314
----Vec----
 (1233.17,0)
(-792.069,0)
(-436.327,0)
 
 (-0.84338,0)  (0.359878,0)  (0.399093,0)
(-0.307479,0) (-0.932218,0)  (0.190626,0)
(-0.440644,0) (-0.038173,0) (-0.896876,0)
0.99993
0.0115448
0.00287059
0
 -0.84338
-0.307479
-0.440644
----Vec----
 (1274.89,0)
 (-817.85,0)
(-452.162,0)
 
(-0.842331,0) (-0.363603,0)   (0.39793,0)
(-0.311426,0)  (0.930813,0)  (0.191084,0)
(-0.439878,0) (0.0371447,0) (-0.897295,0)
0.999872
0.0155685
0.00390425
0
-0.842331
-0.311426
-0.439878
----Vec----
 (1261.66,0)
(-809.667,0)
(-447.144,0)
 
 (-0.842653,0)   (0.362461,0)    (0.39829,0)
 (-0.310216,0)  (-0.931246,0)   (0.190944,0)
 (-0.440116,0) (-0.0374587,0)  (-0.897165,0)
0.999892
0.0143354
0.00358406
0
-0.842653
-0.310216
-0.440116
R:
0.351507
0.289195
0.157515
Dot: 0.999944
 R Past:
 -0.84631
-0.296199
-0.442748
Current:
-0.843704
-0.306257
-0.440875 ----Vec----
 (1274.86,0)
(-817.813,0)
(-452.163,0)
 
 (-0.842316,0)   (0.363648,0)    (0.39792,0)
 (-0.311474,0)  (-0.930796,0)   (0.191091,0)
 (-0.439872,0) (-0.0371322,0)  (-0.897298,0)
0.999985
0.00537789
0.00134692
0
-0.842316
-0.311474
-0.439872
----Vec----
 (1296.33,0)
(-460.328,0)
(-831.058,0)
 
 (-0.841776,0)  (-0.397326,0)   (0.365544,0)
 (-0.313481,0)  (-0.191325,0)  (-0.930074,0)
  (-0.43948,0)   (0.897512,0) (-0.0366122,0)
0.999971
0.00187033
0.00742742
0
-0.841776
-0.313481
 -0.43948
----Vec----
 (1301.77,0)
 (-834.42,0)
(-462.396,0)
 
(-0.841644,0) (-0.366006,0)   (0.39718,0)
(-0.313971,0)  (0.929897,0)  (0.191381,0)
(-0.439384,0) (0.0364863,0) (-0.897564,0)
0.999967
0.00792688
0.00199944
0
-0.841644
-0.313971
-0.439384
----Vec----
 (1340.57,0)
(-858.344,0)
(-477.175,0)
 
 (-0.840685,0)   (0.369331,0)    (0.39613,0)
 (-0.317492,0)  (-0.928616,0)   (0.191792,0)
 (-0.438688,0) (-0.0355816,0)  (-0.897941,0)
0.99993
0.0115236
0.00292569
0
-0.840685
-0.317492
-0.438688
----Vec----
  (1386.7,0)
(-494.735,0)
(-886.794,0)
 
(-0.839606,0)  (0.394939,0) (-0.373043,0)
(-0.321422,0)  (0.192247,0)  (0.927169,0)
(-0.437892,0) (-0.898368,0) (0.0345811,0)
0.999872
0.00397921
0.0155395
0
-0.839606
-0.321422
-0.437892
----Vec----
 (1372.07,0)
(-877.762,0)
(-489.169,0)
 
 (-0.839937,0)   (0.371906,0)   (0.395307,0)
 (-0.320218,0)  (-0.927615,0)   (0.192109,0)
 (-0.438139,0) (-0.0348867,0)  (-0.898235,0)
0.999892
0.0143092
0.00365302
0
-0.839937
-0.320218
-0.438139
R:
0.344757
0.286745
0.153988
Dot: 0.999944
 R Past:
-0.843704
-0.306257
-0.440875
Current:
-0.841019
-0.316275
-0.438927 ----Vec----
 (1386.66,0)
(-494.735,0)
(-886.753,0)
 
(-0.839591,0)  (0.394928,0) (-0.373089,0)
(-0.321471,0)  (0.192254,0)  (0.927151,0)
(-0.437886,0) (-0.898371,0) (0.0345685,0)
0.999985
0.00137278
0.00536677
0
-0.839591
-0.321471
-0.437886
----Vec----
 (1410.41,0)
(-901.379,0)
(-503.795,0)
 
(-0.839035,0) (-0.374978,0)  (0.394319,0)
 (-0.32347,0)  (0.926408,0)  (0.192486,0)
(-0.437479,0)  (0.034063,0) (-0.898589,0)
0.999971
0.00741294
0.00190637
0
-0.839035
 -0.32347
-0.437479
----Vec----
 (1416.43,0)
(-506.089,0)
 (-905.09,0)
 
 (-0.838899,0)   (-0.39417,0)   (0.375439,0)
 (-0.323958,0)  (-0.192543,0)  (-0.926225,0)
 (-0.437378,0)   (0.898642,0) (-0.0339404,0)
0.999967
0.00203785
0.00791171
0
-0.838899
-0.323958
-0.437378
----Vec----
 (1459.38,0)
(-931.521,0)
(-522.494,0)
 
 (-0.837913,0)   (0.378754,0)   (0.393094,0)
 (-0.327465,0)  (-0.924907,0)    (0.19295,0)
 (-0.436656,0) (-0.0330605,0)  (-0.899026,0)
0.99993
0.0115026
0.00298226
0
-0.837913
-0.327465
-0.436656
----Vec----
 (1510.46,0)
(-962.969,0)
(-541.999,0)
 
 (-0.836803,0)   (0.382452,0)   (0.391875,0)
 (-0.331378,0)  (-0.923418,0)   (0.193401,0)
 (-0.435831,0) (-0.0320888,0)  (-0.899461,0)
0.999872
0.0155105
0.00405598
0
-0.836803
-0.331378
-0.435831
----Vec----
 (1494.25,0)
(-952.984,0)
(-535.815,0)
 
(-0.837144,0)  (-0.38132,0)  (0.392251,0)
 (-0.33018,0)  (0.923876,0)  (0.193264,0)
(-0.436087,0) (0.0323853,0) (-0.899326,0)
0.999892
0.0142834
0.00372356
0
-0.837144
 -0.33018
-0.436087
R:
0.338029
0.284214
0.150476
Dot: 0.999944
 R Past:
-0.841019
-0.316275
-0.438927
Current:
-0.838256
-0.326253
-0.436905 ----Vec----
 (1510.42,0)
(-962.926,0)
(-541.999,0)
 
(-0.836787,0) (-0.382499,0)  (0.391863,0)
(-0.331427,0)  (0.923399,0)  (0.193408,0)
(-0.435825,0) (0.0320759,0) (-0.899465,0)
0.999985
0.0053564
0.0013991
0
-0.836787
-0.331427
-0.435825
----Vec----
 (1536.72,0)
(-979.101,0)
(-552.067,0)
 
(-0.836216,0) (-0.384382,0)   (0.39124,0)
(-0.333419,0)  (0.922634,0)  (0.193639,0)
(-0.435403,0) (0.0315847,0) (-0.899686,0)
0.999971
0.00739932
0.00194308
0
-0.836216
-0.333419
-0.435403
----Vec----
  (1543.4,0)
(-983.207,0)
(-554.617,0)
 
(-0.836076,0) (-0.384841,0)  (0.391087,0)
(-0.333904,0)  (0.922446,0)  (0.193694,0)
(-0.435298,0) (0.0314657,0) (-0.899741,0)
0.999967
0.00789714
0.00207716
0
-0.836076
-0.333904
-0.435298
----Vec----
 (1591.01,0)
(-1012.46,0)
(-572.857,0)
 
(-0.835063,0) (-0.388145,0)  (0.389985,0)
(-0.337397,0)   (0.92109,0)  (0.194098,0)
 (-0.43455,0)  (0.030611,0) (-0.900132,0)
0.99993
0.0114826
0.00304013
0
-0.835063
-0.337397
 -0.43455
----Vec----
 (1647.67,0)
(-1047.28,0)
(-594.558,0)
 
 (-0.833923,0)    (0.39183,0)   (0.388737,0)
 (-0.341294,0)  (-0.919559,0)   (0.194544,0)
 (-0.433695,0) (-0.0296679,0)  (-0.900576,0)
0.999872
0.0154831
0.00413454
0
-0.833923
-0.341294
-0.433695
----Vec----
 (1629.68,0)
(-587.676,0)
(-1036.22,0)
 
 (-0.834272,0)  (-0.389122,0)   (0.390702,0)
 (-0.340101,0)  (-0.194409,0)   (-0.92003,0)
  (-0.43396,0)   (0.900438,0) (-0.0299556,0)
0.999892
0.00379586
0.0142587
0
-0.834272
-0.340101
 -0.43396
R:
0.331323
0.281604
0.146981
Dot: 0.999944
 R Past:
-0.838256
-0.326253
-0.436905
Current:
-0.835415
 -0.33619
-0.434808 ----Vec----
 (1647.62,0)
(-1047.24,0)
(-594.559,0)
 
(-0.833906,0) (-0.391878,0)  (0.388724,0)
(-0.341343,0)  (0.919539,0)  (0.194552,0)
(-0.433688,0) (0.0296555,0) (-0.900579,0)
0.999985
0.00534642
0.00142622
0
-0.833906
-0.341343
-0.433688
----Vec----
 (1676.82,0)
(-1065.16,0)
(-605.765,0)
 
 (-0.833319,0)   (0.393755,0)   (0.388086,0)
 (-0.343327,0)  (-0.918752,0)    (0.19478,0)
 (-0.433251,0) (-0.0291784,0)  (-0.900805,0)
0.999971
0.00738609
0.00198075
0
-0.833319
-0.343327
-0.433251
----Vec----
 (1684.23,0)
(-1069.71,0)
(-608.605,0)
 
(-0.833176,0) (-0.394212,0)  (0.387929,0)
 (-0.34381,0)   (0.91856,0)  (0.194835,0)
(-0.433143,0)  (0.029063,0) (-0.900861,0)
0.999967
0.00788295
0.00211746
0
-0.833176
 -0.34381
-0.433143
----Vec----
  (1737.1,0)
(-628.921,0)
(-1102.14,0)
 
(-0.832135,0)  (0.386801,0) (-0.397505,0)
 (-0.34729,0)  (0.195234,0)  (0.917166,0)
(-0.432367,0)  (-0.90126,0) (0.0282338,0)
0.99993
0.00309941
0.0114635
0
-0.832135
 -0.34729
-0.432367
----Vec----
 (1800.07,0)
(-1140.77,0)
(-653.107,0)
 
(-0.830965,0)  (0.401176,0)  (0.385523,0)
(-0.351169,0) (-0.915594,0)  (0.195676,0)
(-0.431483,0) (-0.027319,0) (-0.901711,0)
0.999872
0.0154569
0.00421488
0
-0.830965
-0.351169
-0.431483
----Vec----
 (1780.08,0)
 (-1128.5,0)
(-645.435,0)
 
 (-0.831323,0)   (0.400053,0)   (0.385917,0)
 (-0.349982,0)  (-0.916076,0)   (0.195541,0)
 (-0.431757,0) (-0.0275977,0)  (-0.901572,0)
0.999892
0.0142348
0.00386992
0
-0.831323
-0.349982
-0.431757
R:
 0.32464
0.278915
0.143503
Dot: 0.999944
 R Past:
-0.835415
 -0.33619
-0.434808
Current:
-0.832497
-0.346087
-0.432635 ----Vec----
 (1800.02,0)
(-1140.72,0)
(-653.107,0)
 
 (-0.830948,0)   (0.401224,0)    (0.38551,0)
 (-0.351219,0)  (-0.915573,0)   (0.195683,0)
 (-0.431475,0) (-0.0273068,0)  (-0.901715,0)
0.999985
0.00533652
0.00145391
0
-0.830948
-0.351219
-0.431475
----Vec----
 (1832.49,0)
(-665.604,0)
(-1160.61,0)
 
(-0.830345,0)  (0.384857,0) (-0.403095,0)
(-0.353195,0)  (0.195908,0)  (0.914765,0)
(-0.431023,0) (-0.901945,0) (0.0268441,0)
0.999971
0.00201958
0.00737342
0
-0.830345
-0.353195
-0.431023
----Vec----
 (1840.72,0)
(-1165.67,0)
(-668.771,0)
 
(-0.830198,0)  (-0.40355,0)  (0.384696,0)
(-0.353676,0)  (0.914567,0)  (0.195962,0)
(-0.430911,0) (0.0267322,0) (-0.902002,0)
0.999967
0.00786921
0.00215894
0
-0.830198
-0.353676
-0.430911
----Vec----
 (1899.55,0)
(-1201.69,0)
(-691.438,0)
 
  (-0.82913,0)   (0.406832,0)    (0.38354,0)
 (-0.357141,0)  (-0.913135,0)   (0.196357,0)
 (-0.430109,0) (-0.0259283,0)  (-0.902408,0)
0.99993
0.011445
0.00316021
0
 -0.82913
-0.357141
-0.430109
----Vec----
 (1969.66,0)
(-1244.63,0)
(-718.443,0)
 
  (-0.82793,0)    (0.41049,0)   (0.382232,0)
 (-0.361004,0)  (-0.911521,0)   (0.196792,0)
 (-0.429194,0) (-0.0250428,0)  (-0.902868,0)
0.999872
0.0154315
0.00429744
0
 -0.82793
-0.361004
-0.429194
----Vec----
 (1947.39,0)
(-1230.98,0)
(-709.874,0)
 
 (-0.828298,0)   (0.409371,0)   (0.382636,0)
 (-0.359822,0)  (-0.912017,0)    (0.19666,0)
 (-0.429477,0) (-0.0253122,0)  (-0.902726,0)
0.999892
0.0142118
0.00394595
0
-0.828298
-0.359822
-0.429477
R:
 0.31798
0.276146
0.140042
Dot: 0.999944
 R Past:
-0.832497
-0.346087
-0.432635
Current:
-0.829501
-0.355943
-0.430385 ----Vec----
  (1969.6,0)
(-1244.57,0)
(-718.443,0)
 
(-0.827912,0) (-0.410538,0)  (0.382219,0)
(-0.361055,0)    (0.9115,0)  (0.196799,0)
(-0.429186,0) (0.0250304,0) (-0.902873,0)
0.999985
0.00532711
0.0014824
0
-0.827912
-0.361055
-0.429186
----Vec----
 (2005.77,0)
 (-1266.7,0)
(-732.404,0)
 
(-0.827294,0)  (0.412403,0)   (0.38155,0)
(-0.363022,0)  (-0.91067,0)  (0.197021,0)
(-0.428718,0) (-0.024583,0) (-0.903107,0)
0.999971
0.00736135
0.00205916
0
-0.827294
-0.363022
-0.428718
----Vec----
 (2014.95,0)
(-1272.32,0)
(-735.942,0)
 
(-0.827144,0) (-0.412855,0)  (0.381386,0)
(-0.363501,0)  (0.910468,0)  (0.197075,0)
(-0.428603,0) (0.0244741,0) (-0.903165,0)
0.999967
0.00785592
0.00220111
0
-0.827144
-0.363501
-0.428603
----Vec----
 (2080.52,0)
 (-1312.4,0)
(-761.281,0)
 
 (-0.826048,0)   (0.416126,0)   (0.380203,0)
 (-0.366953,0)  (-0.908998,0)   (0.197463,0)
 (-0.427773,0) (-0.0236963,0)  (-0.903579,0)
0.99993
0.0114272
0.00322247
0
-0.826048
-0.366953
-0.427773
----Vec----
 (2158.72,0)
(-1360.22,0)
(-791.489,0)
 
(-0.824818,0)  (-0.41977,0)  (0.378864,0)
(-0.370799,0)  (0.907343,0)  (0.197891,0)
(-0.426829,0) (0.0228396,0) (-0.904047,0)
0.999872
0.015407
0.00438187
0
-0.824818
-0.370799
-0.426829
----Vec----
 (2133.88,0)
(-1345.03,0)
(-781.902,0)
 
 (-0.825195,0)   (0.418656,0)   (0.379277,0)
 (-0.369622,0)  (-0.907851,0)   (0.197761,0)
 (-0.427121,0) (-0.0231003,0)  (-0.903902,0)
0.999892
0.0141901
0.00402352
0
-0.825195
-0.369622
-0.427121
R:
0.311344
0.273299
0.136598
Dot: 0.999944
 R Past:
-0.829501
-0.355943
-0.430385
Current:
-0.826429
-0.365759
-0.428059 ----Vec----
 (2158.66,0)
(-1360.16,0)
(-791.489,0)
 
  (-0.8248,0) (-0.419819,0)   (0.37885,0)
 (-0.37085,0)  (0.907321,0)  (0.197899,0)
 (-0.42682,0) (0.0228277,0) (-0.904051,0)
0.999985
0.00531828
0.00151154
0
 -0.8248
-0.37085
-0.42682
----Vec----
 (2199.03,0)
(-1384.82,0)
(-807.115,0)
 
 (-0.824166,0)   (0.421676,0)   (0.378165,0)
 (-0.372809,0)   (-0.90647,0)   (0.198117,0)
 (-0.426337,0) (-0.0223949,0)   (-0.90429,0)
0.999971
0.00734955
0.00209984
0
-0.824166
-0.372809
-0.426337
----Vec----
 (2209.28,0)
(-1391.08,0)
(-811.076,0)
 
(-0.824012,0) (-0.422128,0)  (0.377997,0)
(-0.373286,0)  (0.906262,0)   (0.19817,0)
(-0.426218,0) (0.0222897,0) (-0.904349,0)
0.999967
0.00784373
0.00224453
0
-0.824012
-0.373286
-0.426218
----Vec----
 (2282.51,0)
(-1435.78,0)
(-839.455,0)
 
 (-0.82289,0)  (0.425387,0)  (0.376786,0)
(-0.376724,0) (-0.904755,0)  (0.198552,0)
(-0.425361,0) (-0.021537,0)  (-0.90477,0)
0.99993
0.0114106
0.00328633
0
 -0.82289
-0.376724
-0.425361
----Vec----
 (2369.92,0)
(-1489.15,0)
(-873.312,0)
 
 (-0.82163,0) (-0.429016,0)  (0.375416,0)
(-0.380553,0)  (0.903059,0)  (0.198972,0)
(-0.424386,0) (0.0207101,0) (-0.905247,0)
0.999872
0.0153837
0.00446865
0
 -0.82163
-0.380553
-0.424386
----Vec----
 (2342.15,0)
(-1472.18,0)
(-862.563,0)
 
 (-0.822016,0)   (0.427907,0)   (0.375839,0)
 (-0.379382,0)   (-0.90358,0)   (0.198845,0)
 (-0.424687,0) (-0.0209615,0)    (-0.9051,0)
0.999892
0.0141695
0.00410327
0
-0.822016
-0.379382
-0.424687
R:
0.304732
0.270373
0.133174
Dot: 0.999944
 R Past:
-0.826429
-0.365759
-0.428059
Current:
 -0.82328
-0.375535
-0.425656 ----Vec----
 (2369.85,0)
(-873.312,0)
(-1489.08,0)
 
(-0.821611,0)  (0.375401,0) (-0.429066,0)
(-0.380605,0)   (0.19898,0)  (0.903036,0)
(-0.424377,0) (-0.905252,0) (0.0206986,0)
0.999985
0.00154138
0.00530943
0
-0.821611
-0.380605
-0.424377
----Vec----
 (2415.01,0)
(-1516.61,0)
(-890.835,0)
 
(-0.820962,0) (-0.430917,0)  (0.374701,0)
(-0.382556,0)  (0.902164,0)  (0.199194,0)
(-0.423878,0) (0.0202804,0) (-0.905495,0)
0.999971
0.00733832
0.00214148
0
-0.820962
-0.382556
-0.423878
----Vec----
 (2426.47,0)
(-1523.61,0)
(-895.279,0)
 
(-0.820804,0) (-0.431367,0)  (0.374529,0)
(-0.383031,0)  (0.901951,0)  (0.199246,0)
(-0.423755,0) (0.0201792,0) (-0.905555,0)
0.999967
0.00783151
0.00228894
0
-0.820804
-0.383031
-0.423755
----Vec----
 (2508.44,0)
(-927.125,0)
(-1573.56,0)
 
(-0.819655,0)  (0.373289,0) (-0.434614,0)
(-0.386455,0)   (0.19962,0)  (0.900407,0)
 (-0.42287,0) (-0.905984,0) (0.0194531,0)
0.99993
0.00335169
0.0113943
0
-0.819655
-0.386455
 -0.42287
----Vec----
 (2606.34,0)
(-1633.23,0)
(-965.149,0)
 
(-0.818366,0) (-0.438228,0)  (0.371888,0)
(-0.390266,0)   (0.89867,0)  (0.200032,0)
(-0.421864,0)  (0.018655,0) (-0.906469,0)
0.999872
0.0153612
0.00455728
0
-0.818366
-0.390266
-0.421864
----Vec----
 (2575.23,0)
(-1614.26,0)
(-953.075,0)
 
 (-0.81876,0) (-0.437124,0)   (0.37232,0)
(-0.389101,0)  (0.899203,0)  (0.199907,0)
(-0.422175,0) (0.0188975,0)  (-0.90632,0)
0.999892
0.0141492
0.0041849
0
 -0.81876
-0.389101
-0.422175
R:
0.298146
0.267368
0.129769
Dot: 0.999944
 R Past:
 -0.82328
-0.375535
-0.425656
Current:
-0.820055
-0.385271
-0.423175 ----Vec----
 (2606.27,0)
(-1633.16,0)
(-965.149,0)
 
 (-0.818346,0)   (0.438279,0)   (0.371872,0)
 (-0.390319,0)  (-0.898646,0)    (0.20004,0)
 (-0.421855,0) (-0.0186435,0)  (-0.906474,0)
0.999985
0.00530115
0.00157222
0
-0.818346
-0.390319
-0.421855
----Vec----
 (2656.87,0)
(-1663.97,0)
(-984.841,0)
 
(-0.817681,0) (-0.440122,0)  (0.371155,0)
(-0.392263,0)  (0.897753,0)  (0.200249,0)
 (-0.42134,0) (0.0182401,0) (-0.906722,0)
0.999971
0.00732777
0.0021843
0
-0.817681
-0.392263
 -0.42134
----Vec----
 (2669.73,0)
 (-1671.8,0)
(-989.837,0)
 
 (-0.81752,0)  (-0.44057,0)  (0.370979,0)
(-0.392735,0)  (0.897535,0)    (0.2003,0)
(-0.421213,0) (0.0181426,0) (-0.906782,0)
0.999967
0.00782025
0.00233474
0
 -0.81752
-0.392735
-0.421213
----Vec----
 (2761.66,0)
(-1727.74,0)
(-1025.65,0)
 
 (-0.816343,0)   (0.443806,0)    (0.36971,0)
 (-0.396145,0)  (-0.895953,0)   (0.200666,0)
   (-0.4203,0) (-0.0174423,0)  (-0.907219,0)
0.99993
0.0113793
0.00341886
0
-0.816343
-0.396145
  -0.4203
----Vec----
 (2871.55,0)
(-1794.62,0)
(-1068.44,0)
 
 (-0.815025,0)   (0.447405,0)   (0.368277,0)
  (-0.39994,0)  (-0.894176,0)   (0.201068,0)
 (-0.419264,0) (-0.0166747,0)  (-0.907713,0)
0.999872
0.01534
0.00464827
0
-0.815025
 -0.39994
-0.419264
----Vec----
 (2836.61,0)
(-1773.35,0)
(-1054.85,0)
 
(-0.815428,0) (-0.446306,0)  (0.368719,0)
(-0.398781,0)  (0.894721,0)  (0.200947,0)
(-0.419584,0) (0.0169073,0) (-0.907561,0)
0.999892
0.0141304
0.00426874
0
-0.815428
-0.398781
-0.419584
R:
0.291586
0.264286
0.126383
Dot: 0.999944
 R Past:
-0.820055
-0.385271
-0.423175
Current:
-0.816753
-0.394966
-0.420615 ----Vec----
 (2871.47,0)
(-1068.44,0)
(-1794.54,0)
 
(-0.815004,0)  (0.368261,0) (-0.447456,0)
(-0.399993,0)  (0.201075,0)  (0.894151,0)
(-0.419253,0) (-0.907718,0) (0.0166631,0)
0.999985
0.00160366
0.00529337
0
-0.815004
-0.399993
-0.419253
----Vec----
 (2928.31,0)
(-1829.09,0)
(-1090.62,0)
 
(-0.814325,0) (-0.449293,0)  (0.367527,0)
(-0.401929,0)  (0.893236,0)   (0.20128,0)
(-0.418723,0) (0.0162746,0)  (-0.90797,0)
0.999971
0.00731778
0.00222829
0
-0.814325
-0.401929
-0.418723
----Vec----
 (2942.75,0)
(-1837.87,0)
(-1096.24,0)
 
 (-0.81416,0)  (0.449739,0)  (0.367347,0)
(-0.402399,0) (-0.893013,0)   (0.20133,0)
(-0.418592,0) (-0.016181,0) (-0.908032,0)
0.999967
0.0078094
0.00238165
0
 -0.81416
-0.402399
-0.418592
----Vec----
 (3046.08,0)
(-1900.65,0)
 (-1136.6,0)
 
 (-0.812956,0)   (0.452962,0)   (0.366049,0)
 (-0.405796,0)  (-0.891395,0)   (0.201688,0)
 (-0.417651,0) (-0.0155072,0)  (-0.908477,0)
0.99993
0.0113649
0.0034878
0
-0.812956
-0.405796
-0.417651
----Vec----
 (3169.71,0)
(-1975.77,0)
(-1184.87,0)
 
 (-0.811608,0)   (0.456545,0)   (0.364584,0)
 (-0.409573,0)  (-0.889578,0)   (0.202078,0)
 (-0.416583,0) (-0.0147689,0)  (-0.908979,0)
0.999872
0.0153196
0.00474182
0
-0.811608
-0.409573
-0.416583
----Vec----
  (3130.4,0)
(-1951.87,0)
(-1169.53,0)
 
  (-0.81202,0)   (0.455452,0)   (0.365035,0)
 (-0.408419,0)  (-0.890134,0)    (0.20196,0)
 (-0.416913,0) (-0.0149933,0)  (-0.908824,0)
0.999891
0.0141122
0.00435469
0
 -0.81202
-0.408419
-0.416913
R:
0.285052
0.261126
0.123019
Dot: 0.999944
 R Past:
-0.816753
-0.394966
-0.420615
Current:
-0.813375
-0.404621
-0.417976 ----Vec----
 (3169.62,0)
(-1975.69,0)
(-1184.86,0)
 
 (-0.811587,0)   (0.456598,0)   (0.364567,0)
 (-0.409627,0)  (-0.889551,0)   (0.202085,0)
 (-0.416572,0) (-0.0147579,0)  (-0.908984,0)
0.999985
0.00528589
0.00163597
0
-0.811587
-0.409627
-0.416572
----Vec----
 (3233.61,0)
(-2014.53,0)
(-1209.89,0)
 
 (-0.810892,0)   (0.458427,0)   (0.363816,0)
 (-0.411555,0)  (-0.888616,0)   (0.202285,0)
 (-0.416025,0) (-0.0143846,0)  (-0.909241,0)
0.999971
0.00730824
0.00227314
0
-0.810892
-0.411555
-0.416025
----Vec----
 (3249.87,0)
 (-2024.4,0)
(-1216.25,0)
 
 (-0.810723,0)   (0.458871,0)   (0.363632,0)
 (-0.412023,0)  (-0.888388,0)   (0.202332,0)
 (-0.415891,0) (-0.0142944,0)  (-0.909304,0)
0.999967
0.00779906
0.00242966
0
-0.810723
-0.412023
-0.415891
----Vec----
 (3366.29,0)
(-2095.02,0)
(-1261.83,0)
 
 (-0.809493,0)   (0.462082,0)   (0.362304,0)
 (-0.415406,0)  (-0.886732,0)    (0.20268,0)
 (-0.414922,0) (-0.0136472,0)  (-0.909756,0)
0.99993
0.0113511
0.0035584
0
-0.809493
-0.415406
-0.414922
----Vec----
 (3505.69,0)
(-1316.39,0)
 (-2179.6,0)
 
(-0.808116,0)  (0.360806,0) (-0.465649,0)
(-0.419166,0)  (0.203058,0)  (0.884875,0)
(-0.413822,0) (-0.910267,0) (0.0129391,0)
0.999872
0.00483751
0.0153003
0
-0.808116
-0.419166
-0.413822
----Vec----
 (3461.35,0)
(-1299.05,0)
(-2152.69,0)
 
(-0.808536,0)  (0.361267,0) (-0.464561,0)
(-0.418018,0)  (0.202945,0)  (0.885443,0)
(-0.414161,0)  (-0.91011,0) (0.0131538,0)
0.999891
0.00444275
0.0140957
0
-0.808536
-0.418018
-0.414161
R:
0.278545
 0.25789
0.119675
Dot: 0.999944
 R Past:
-0.813375
-0.404621
-0.417976
Current:
-0.809921
-0.414236
-0.415256 ----Vec----
 (3505.59,0)
(-2179.51,0)
(-1316.39,0)
 
(-0.808093,0)  (0.465703,0)  (0.360788,0)
(-0.419221,0) (-0.884847,0)  (0.203067,0)
 (-0.41381,0) (-0.012928,0) (-0.910273,0)
0.999985
0.0052788
0.00166923
0
-0.808093
-0.419221
 -0.41381
----Vec----
  (3577.8,0)
 (-1344.7,0)
(-2223.27,0)
 
(-0.807383,0)  (-0.36002,0)  (0.467525,0)
(-0.421141,0) (-0.203259,0) (-0.883891,0)
(-0.413247,0)  (0.910533,0)  (-0.01257,0)
0.999971
0.00231937
0.00729924
0
-0.807383
-0.421141
-0.413247
----Vec----
 (3596.15,0)
 (-2234.4,0)
(-1351.89,0)
 
 (-0.807211,0)   (0.467967,0)   (0.359832,0)
 (-0.421606,0)  (-0.883658,0)   (0.203305,0)
 (-0.413109,0) (-0.0124834,0)  (-0.910597,0)
0.999967
0.00778949
0.0024789
0
-0.807211
-0.421606
-0.413109
----Vec----
 (3727.62,0)
(-2314.04,0)
(-1403.49,0)
 
(-0.805953,0) (-0.471165,0)  (0.358474,0)
(-0.424976,0)  (0.881965,0)  (0.203642,0)
 (-0.41211,0)  (0.011863,0) (-0.911058,0)
0.999929
0.0113387
0.003631
0
-0.805953
-0.424976
 -0.41211
----Vec----
  (3885.2,0)
 (-2409.5,0)
(-1465.32,0)
 
(-0.804547,0)  (0.474716,0)  (0.356942,0)
(-0.428719,0) (-0.880068,0)  (0.204008,0)
(-0.410979,0) (-0.011184,0) (-0.911577,0)
0.999872
0.0152824
0.00493568
0
-0.804547
-0.428719
-0.410979
----Vec----
 (3835.06,0)
(-1445.66,0)
(-2379.11,0)
 
 (-0.804976,0)  (-0.357413,0)   (0.473633,0)
 (-0.427577,0)  (-0.203898,0)  (-0.880649,0)
 (-0.411328,0)   (0.911417,0) (-0.0113897,0)
0.999891
0.00453329
0.0140798
0
-0.804976
-0.427577
-0.411328
R:
0.272065
0.254576
0.116353
Dot: 0.999944
 R Past:
-0.809921
-0.414236
-0.415256
Current:
-0.806391
 -0.42381
-0.412455 ----Vec----
 (3885.09,0)
 (-2409.4,0)
(-1465.32,0)
 
 (-0.804524,0)    (0.47477,0)   (0.356923,0)
 (-0.428775,0)  (-0.880039,0)   (0.204015,0)
 (-0.410967,0) (-0.0111735,0)  (-0.911583,0)
0.999985
0.0052723
0.0017032
0
-0.804524
-0.428775
-0.410967
----Vec----
 (3966.77,0)
(-2458.83,0)
(-1497.42,0)
 
 (-0.803798,0)   (0.476585,0)   (0.356138,0)
 (-0.430687,0)  (-0.879062,0)   (0.204202,0)
 (-0.410387,0) (-0.0108308,0)  (-0.911848,0)
0.999971
0.00729102
0.00236675
0
-0.803798
-0.430687
-0.410387
----Vec----
 (3987.53,0)
 (-2471.4,0)
(-1505.57,0)
 
(-0.803622,0) (-0.477024,0)  (0.355946,0)
 (-0.43115,0)  (0.878824,0)  (0.204246,0)
(-0.410245,0) (0.0107478,0) (-0.911913,0)
0.999967
0.00778022
0.00252965
0
-0.803622
 -0.43115
-0.410245
----Vec----
 (4136.38,0)
(-2561.43,0)
(-1564.14,0)
 
 (-0.802338,0)    (0.48021,0)   (0.354557,0)
 (-0.434506,0)  (-0.877095,0)   (0.204571,0)
 (-0.409217,0) (-0.0101539,0)  (-0.912382,0)
0.999929
0.011327
0.00370553
0
-0.802338
-0.434506
-0.409217
----Vec----
 (4314.94,0)
(-1634.36,0)
(-2669.46,0)
 
  (-0.800903,0)   (-0.352992,0)    (0.483744,0)
  (-0.438231,0)   (-0.204922,0)   (-0.875158,0)
  (-0.408053,0)     (0.91291,0) (-0.00950536,0)
0.999871
0.00503653
0.0152655
0
-0.800903
-0.438231
-0.408053
----Vec----
 (4258.11,0)
(-1612.03,0)
(-2635.06,0)
 
 (-0.801341,0)   (0.353473,0)  (-0.482667,0)
 (-0.437096,0)   (0.204817,0)    (0.87575,0)
 (-0.408412,0)  (-0.912747,0) (0.00970165,0)
0.999891
0.00462615
0.0140652
0
-0.801341
-0.437096
-0.408412
R:
0.265614
0.251185
0.113053
Dot: 0.999944
 R Past:
-0.806391
 -0.42381
-0.412455
Current:
-0.802785
-0.433345
-0.409571 ----Vec----
 (4314.82,0)
(-2669.33,0)
(-1634.36,0)
 
 (-0.800878,0)    (-0.4838,0)   (0.352972,0)
 (-0.438289,0)   (0.875127,0)    (0.20493,0)
  (-0.40804,0) (0.00949518,0)  (-0.912915,0)
0.999985
0.00526619
0.00173822
0
-0.800878
-0.438289
 -0.40804
----Vec----
 (4407.45,0)
(-1670.86,0)
(-2725.32,0)
 
 (-0.800138,0)   (0.352169,0)  (-0.485607,0)
 (-0.440192,0)   (0.205109,0)   (0.874129,0)
 (-0.407444,0)  (-0.913185,0) (0.00916724,0)
0.999971
0.00241557
0.0072833
0
-0.800138
-0.440192
-0.407444
----Vec----
 (4431.01,0)
(-1680.13,0)
(-2739.56,0)
 
  (-0.799958,0)   (-0.351973,0)    (0.486044,0)
  (-0.440654,0)   (-0.205152,0)   (-0.873887,0)
  (-0.407297,0)    (0.913251,0) (-0.00908852,0)
0.999967
0.00258163
0.00777191
0
-0.799958
-0.440654
-0.407297
----Vec----
 (4599.96,0)
(-2841.61,0)
(-1746.76,0)
 
  (-0.798647,0)    (0.489216,0)    (0.350553,0)
  (-0.443996,0)   (-0.872121,0)    (0.205463,0)
   (-0.40624,0) (-0.00852085,0)   (-0.913727,0)
0.999929
0.0113161
0.00378194
0
-0.798647
-0.443996
 -0.40624
----Vec----
 (4802.84,0)
(-2964.17,0)
(-1826.74,0)
 
(-0.797183,0) (-0.492734,0)  (0.348953,0)
(-0.447705,0)  (0.870144,0)  (0.205799,0)
(-0.405044,0) (0.0079023,0) (-0.914264,0)
0.999871
0.0152499
0.00514019
0
-0.797183
-0.447705
-0.405044
----Vec----
 (4738.24,0)
(-2925.13,0)
(-1801.29,0)
 
 (-0.797629,0)  (-0.491663,0)   (0.349445,0)
 (-0.446575,0)   (0.870748,0)   (0.205698,0)
 (-0.405413,0) (0.00808976,0)  (-0.914099,0)
0.999891
0.0140514
0.00472167
0
-0.797629
-0.446575
-0.405413
R:
0.259192
0.247718
0.109777
Dot: 0.999944
 R Past:
-0.802785
-0.433345
-0.409571
Current:
-0.799103
 -0.44284
-0.406605 ----Vec----
 (4802.69,0)
(-2964.03,0)
(-1826.73,0)
 
(-0.797157,0)  (-0.49279,0)  (0.348933,0)
(-0.447763,0)  (0.870113,0)  (0.205806,0)
 (-0.40503,0) (0.0078924,0)  (-0.91427,0)
0.999985
0.00526035
0.00177404
0
-0.797157
-0.447763
 -0.40503
----Vec----
 (4908.03,0)
 (-3027.6,0)
(-1868.33,0)
 
  (-0.796401,0)    (0.494589,0)    (0.348112,0)
  (-0.449659,0)   (-0.869094,0)    (0.205977,0)
  (-0.404417,0) (-0.00757982,0)   (-0.914544,0)
0.999971
0.00727606
0.00246549
0
-0.796401
-0.449659
-0.404417
----Vec----
 (4934.83,0)
(-3043.78,0)
 (-1878.9,0)
 
  (-0.796218,0)    (0.495024,0)    (0.347912,0)
  (-0.450118,0)   (-0.868847,0)    (0.206018,0)
  (-0.404266,0) (-0.00750462,0)   (-0.914611,0)
0.999967
0.00776407
0.00263509
0
-0.796218
-0.450118
-0.404266
----Vec----
 (5127.12,0)
(-1954.91,0)
(-3159.76,0)
 
 (-0.794879,0)    (0.34646,0)  (-0.498183,0)
 (-0.453447,0)   (0.206315,0)   (0.867044,0)
 (-0.403179,0)  (-0.915095,0) (0.00696425,0)
0.999929
0.00386056
0.0113062
0
-0.794879
-0.453447
-0.403179
----Vec----
 (5358.25,0)
 (-3299.2,0)
(-2046.24,0)
 
  (-0.793387,0)    (0.501683,0)    (0.344826,0)
  (-0.457138,0)   (-0.865028,0)    (0.206634,0)
  (-0.401949,0) (-0.00637604,0)    (-0.91564,0)
0.999871
0.0152352
0.00524652
0
-0.793387
-0.457138
-0.401949
----Vec----
 (5284.64,0)
(-3254.77,0)
(-2017.16,0)
 
 (-0.793841,0)  (-0.500618,0)   (0.345328,0)
 (-0.456014,0)   (0.865644,0)   (0.206539,0)
 (-0.402328,0) (0.00655379,0)  (-0.915473,0)
0.99989
0.014039
0.00481963
0
-0.793841
-0.456014
-0.402328
R:
0.252799
0.244176
0.106524
Dot: 0.999944
 R Past:
-0.799103
 -0.44284
-0.406605
Current:
-0.795345
-0.452295
-0.403554 ----Vec----
 (5358.09,0)
(-3299.05,0)
(-2046.23,0)
 
  (-0.79336,0)   (-0.50174,0)   (0.344804,0)
 (-0.457197,0)   (0.864995,0)   (0.206642,0)
 (-0.401935,0) (0.00636608,0)  (-0.915647,0)
0.999985
0.00525519
0.00181112
0
 -0.79336
-0.457197
-0.401935
----Vec----
 (5478.21,0)
(-3371.43,0)
(-2093.77,0)
 
  (-0.792588,0)    (0.503531,0)    (0.343966,0)
  (-0.459085,0)   (-0.863956,0)    (0.206804,0)
  (-0.401304,0) (-0.00606879,0)   (-0.915925,0)
0.999971
0.00726953
0.00251704
0
-0.792588
-0.459085
-0.401304
----Vec----
 (5508.77,0)
(-3389.86,0)
(-2105.86,0)
 
  (-0.792402,0)    (0.503964,0)    (0.343761,0)
  (-0.459542,0)   (-0.863704,0)    (0.206843,0)
  (-0.401149,0) (-0.00599769,0)   (-0.915994,0)
0.999967
0.00775686
0.00269008
0
-0.792402
-0.459542
-0.401149
----Vec----
 (5728.25,0)
(-3522.06,0)
 (-2192.8,0)
 
  (-0.791036,0)    (0.507109,0)    (0.342277,0)
  (-0.462857,0)   (-0.861865,0)    (0.207124,0)
  (-0.400031,0) (-0.00548344,0)   (-0.916486,0)
0.999929
0.0112972
0.00394136
0
-0.791036
-0.462857
-0.400031
----Vec----
 (5992.33,0)
(-3681.16,0)
(-2297.39,0)
 
  (-0.789514,0)    (0.510591,0)    (0.340609,0)
  (-0.466531,0)   (-0.859809,0)    (0.207425,0)
  (-0.398768,0) (-0.00492537,0)   (-0.917039,0)
0.99987
0.0152218
0.00535595
0
-0.789514
-0.466531
-0.398768
----Vec----
 (5908.18,0)
(-3630.44,0)
(-2264.08,0)
 
 (-0.789978,0)   (0.509532,0)   (0.341121,0)
 (-0.465413,0)  (-0.860436,0)   (0.207336,0)
 (-0.399157,0) (-0.0050938,0)  (-0.916869,0)
0.99989
0.0140277
0.00492048
0
-0.789978
-0.465413
-0.399157
R:
0.246436
0.240557
0.103295
Dot: 0.999943
 R Past:
-0.795345
-0.452295
-0.403554
Current:
-0.791511
 -0.46171
-0.400417 ----Vec----
 (5992.15,0)
(-3680.99,0)
(-2297.38,0)
 
  (-0.789486,0)     (0.51065,0)    (0.340586,0)
  (-0.466591,0)   (-0.859775,0)    (0.207433,0)
  (-0.398753,0) (-0.00491539,0)   (-0.917046,0)
0.999985
0.00525039
0.00184909
0
-0.789486
-0.466591
-0.398753
----Vec----
  (6129.5,0)
(-3763.65,0)
(-2351.86,0)
 
    (-0.7887,0)    (0.512433,0)    (0.339729,0)
  (-0.468472,0)   (-0.858715,0)    (0.207586,0)
  (-0.398104,0) (-0.00463371,0)   (-0.917329,0)
0.99997
0.00726375
0.00257
0
  -0.7887
-0.468472
-0.398104
----Vec----
 (6164.48,0)
(-3784.71,0)
(-2365.72,0)
 
 (-0.78851,0) (-0.512864,0)   (0.33952,0)
(-0.468927,0)  (0.858458,0)  (0.207622,0)
(-0.397946,0) (0.0045664,0) (-0.917398,0)
0.999966
0.0077506
0.00274649
0
 -0.78851
-0.468927
-0.397946
----Vec----
  (6415.7,0)
(-3935.83,0)
(-2465.46,0)
 
  (-0.787117,0)    (0.515994,0)    (0.338004,0)
  (-0.472228,0)   (-0.856583,0)    (0.207887,0)
  (-0.396797,0) (-0.00407888,0)   (-0.917898,0)
0.999928
0.0112893
0.00402448
0
-0.787117
-0.472228
-0.396797
----Vec----
 (6718.34,0)
(-4117.91,0)
(-2585.58,0)
 
 (-0.785566,0)   (0.519458,0)     (0.3363,0)
 (-0.475885,0)  (-0.854488,0)   (0.208168,0)
 (-0.395499,0) (-0.0035507,0)   (-0.91846,0)
0.99987
0.0152098
0.00546831
0
-0.785566
-0.475885
-0.395499
----Vec----
 (6621.87,0)
(-4059.85,0)
(-2547.31,0)
 
  (-0.786038,0)    (0.518405,0)    (0.336823,0)
  (-0.474773,0)   (-0.855127,0)    (0.208084,0)
  (-0.395898,0) (-0.00370983,0)   (-0.918287,0)
0.999889
0.0140176
0.00502399
0
-0.786038
-0.474773
-0.395898
R:
0.240104
0.236864
0.100092
Dot: 0.999943
 R Past:
-0.791511
 -0.46171
-0.400417
Current:
-0.787602
-0.471085
-0.397193 ----Vec----
 (6718.14,0)
(-4117.72,0)
(-2585.57,0)
 
  (-0.785537,0)    (0.519517,0)    (0.336277,0)
  (-0.475947,0)   (-0.854452,0)    (0.208175,0)
  (-0.395483,0) (-0.00354123,0)   (-0.918467,0)
0.999985
0.00524598
0.0018883
0
-0.785537
-0.475947
-0.395483
----Vec----
  (6875.7,0)
 (-2648.2,0)
(-4212.43,0)
 
  (-0.784735,0)   (-0.335401,0)    (0.521292,0)
  (-0.477819,0)   (-0.208318,0)   (-0.853372,0)
  (-0.394817,0)    (0.918754,0) (-0.00327453,0)
0.99997
0.00262457
0.00725833
0
-0.784735
-0.477819
-0.394817
----Vec----
 (6915.83,0)
(-4236.56,0)
(-2664.14,0)
 
  (-0.784541,0)     (0.52172,0)    (0.335188,0)
  (-0.478272,0)    (-0.85311,0)    (0.208352,0)
  (-0.394654,0) (-0.00321091,0)   (-0.918824,0)
0.999966
0.00774449
0.00280464
0
-0.784541
-0.478272
-0.394654
----Vec----
  (7204.3,0)
(-4409.85,0)
(-2778.91,0)
 
  (-0.783121,0)    (0.524837,0)    (0.333639,0)
   (-0.48156,0)   (-0.851198,0)    (0.208599,0)
  (-0.393473,0) (-0.00275062,0)   (-0.919332,0)
0.999928
0.0112824
0.00411007
0
-0.783121
 -0.48156
-0.393473
----Vec----
 (7552.21,0)
(-4618.89,0)
(-2917.29,0)
 
  (-0.781541,0)    (0.528282,0)      (0.3319,0)
    (-0.4852,0)   (-0.849066,0)    (0.208858,0)
  (-0.392141,0) (-0.00225228,0)   (-0.919903,0)
0.999869
0.0151987
0.00558403
0
-0.781541
  -0.4852
-0.392141
----Vec----
 (7441.26,0)
 (-4552.2,0)
(-2873.18,0)
 
 (-0.782021,0)  (-0.527236,0)   (0.332433,0)
 (-0.484094,0)   (0.849716,0)   (0.208782,0)
 (-0.392551,0) (0.00240239,0)  (-0.919728,0)
0.999889
0.0140085
0.00513071
0
-0.782021
-0.484094
-0.392551
R:
 0.233804
 0.233095
0.0969145
Dot: 0.999943
 R Past:
-0.787602
-0.471085
-0.397193
Current:
-0.783615
-0.480422
-0.393881 ----Vec----
 (7551.98,0)
(-4618.68,0)
(-2917.28,0)
 
  (-0.781511,0)    (0.528343,0)    (0.331875,0)
  (-0.485262,0)   (-0.849028,0)    (0.208866,0)
  (-0.392124,0) (-0.00224338,0)    (-0.91991,0)
0.999985
0.00524232
0.00192848
0
-0.781511
-0.485262
-0.392124
----Vec----
 (7733.28,0)
(-4727.51,0)
 (-2989.5,0)
 
 (-0.780693,0)  (-0.530109,0)   (0.330981,0)
 (-0.487127,0)   (0.847927,0)   (0.208998,0)
  (-0.39144,0) (0.00199193,0)  (-0.920202,0)
0.99997
0.00725392
0.00268048
0
-0.780693
-0.487127
 -0.39144
----Vec----
 (7779.48,0)
(-4755.26,0)
(-3007.89,0)
 
 (-0.780496,0)  (-0.530535,0)   (0.330763,0)
 (-0.487578,0)   (0.847661,0)   (0.209029,0)
 (-0.391272,0) (0.00193151,0)  (-0.920273,0)
0.999966
0.00773945
0.00286445
0
-0.780496
-0.487578
-0.391272
----Vec----
 (8111.77,0)
(-4954.63,0)
(-3140.37,0)
 
  (-0.779049,0)    (0.533636,0)    (0.329181,0)
  (-0.490853,0)   (-0.845713,0)    (0.209256,0)
  (-0.390059,0) (-0.00149794,0)   (-0.920789,0)
0.999928
0.0112767
0.00419801
0
-0.779049
-0.490853
-0.390059
----Vec----
 (8513.03,0)
(-5195.42,0)
(-3300.31,0)
 
   (-0.77744,0)    (0.537063,0)    (0.327406,0)
  (-0.494476,0)   (-0.843542,0)    (0.209493,0)
  (-0.388692,0) (-0.00102956,0)   (-0.921367,0)
0.999869
0.0151891
0.00570294
0
 -0.77744
-0.494476
-0.388692
----Vec----
 (8385.02,0)
(-3249.31,0)
(-5118.57,0)
 
  (-0.777929,0)    (-0.32795,0)    (0.536022,0)
  (-0.493375,0)   (-0.209424,0)   (-0.844203,0)
  (-0.389112,0)     (0.92119,0) (-0.00116999,0)
0.999889
0.00524035
0.0140011
0
-0.777929
-0.493375
-0.389112
R:
 0.227535
 0.229252
0.0937634
Dot: 0.999943
 R Past:
-0.783615
-0.480422
-0.393881
Current:
-0.779553
-0.489719
-0.390478 ----Vec----
 (8512.78,0)
(-5195.18,0)
 (-3300.3,0)
 
  (-0.777408,0)    (0.537124,0)     (0.32738,0)
  (-0.494539,0)   (-0.843503,0)    (0.209501,0)
  (-0.388674,0) (-0.00102054,0)   (-0.921375,0)
0.999985
0.00523865
0.00196993
0
-0.777408
-0.494539
-0.388674
----Vec----
  (8722.1,0)
(-5320.67,0)
(-3383.85,0)
 
  (-0.776575,0)   (-0.538881,0)    (0.326467,0)
  (-0.496396,0)    (0.842381,0)    (0.209621,0)
  (-0.387971,0) (0.000784198,0)   (-0.921671,0)
0.99997
0.00725007
0.00273827
0
-0.776575
-0.496396
-0.387971
----Vec----
 (8775.46,0)
(-5352.68,0)
(-3405.13,0)
 
  (-0.776375,0)   (-0.539305,0)    (0.326245,0)
  (-0.496844,0)     (0.84211,0)    (0.209649,0)
  (-0.387799,0) (0.000727599,0)   (-0.921744,0)
0.999966
0.00773504
0.00292605
0
-0.776375
-0.496844
-0.387799
----Vec----
 (9159.53,0)
(-5582.82,0)
(-3558.56,0)
 
   (-0.7749,0)  (-0.542391,0)    (0.32463,0)
 (-0.500107,0)   (0.840126,0)   (0.209855,0)
 (-0.386554,0) (0.00032034,0)  (-0.922267,0)
0.999928
0.0112718
0.00428873
0
  -0.7749
-0.500107
-0.386554
----Vec----
 (9623.93,0)
(-5861.15,0)
(-3744.05,0)
 
  (-0.773262,0)   (-0.545798,0)    (0.322819,0)
  (-0.503712,0)    (0.837917,0)    (0.210068,0)
   (-0.38515,0) (-0.00011755,0)   (-0.922854,0)
0.999868
0.0151809
0.00582549
0
-0.773262
-0.503712
 -0.38515
----Vec----
  (9475.7,0)
(-3684.88,0)
(-5772.28,0)
 
   (-0.773759,0)    (-0.323373,0)     (0.544765,0)
   (-0.502618,0)    (-0.210006,0)    (-0.838589,0)
   (-0.385581,0)     (0.922674,0) (-1.35581e-05,0)
0.999888
0.00535348
0.0139947
0
-0.773759
-0.502618
-0.385581
R:
 0.221298
 0.225334
0.0906396
Dot: 0.999942
 R Past:
-0.779553
-0.489719
-0.390478
Current:
-0.775413
-0.498977
-0.386984 ----Vec----
 (9623.64,0)
(-3744.03,0)
(-5860.88,0)
 
   (-0.773229,0)     (0.322792,0)    (-0.545861,0)
   (-0.503777,0)     (0.210075,0)     (0.837876,0)
   (-0.385131,0)    (-0.922862,0) (-0.000126461,0)
0.999984
0.0020127
0.00523579
0
-0.773229
-0.503777
-0.385131
----Vec----
 (9866.16,0)
 (-6006.1,0)
(-3841.03,0)
 
   (-0.77238,0)    (0.547609,0)     (0.32186,0)
  (-0.505627,0)   (-0.836734,0)    (0.210183,0)
  (-0.384409,0) (0.000347681,0)   (-0.923163,0)
0.99997
0.00724682
0.00279783
0
 -0.77238
-0.505627
-0.384409
----Vec----
 (9927.99,0)
(-6043.14,0)
(-3865.74,0)
 
  (-0.772176,0)     (0.54803,0)    (0.321633,0)
  (-0.506072,0)   (-0.836458,0)    (0.210208,0)
  (-0.384233,0) (0.000400326,0)   (-0.923236,0)
0.999966
0.00773135
0.00298953
0
-0.772176
-0.506072
-0.384233
----Vec----
 (10373.5,0)
(-6309.78,0)
(-4044.07,0)
 
   (-0.770673,0)    (-0.551101,0)     (0.319984,0)
   (-0.509322,0)     (0.834438,0)     (0.210391,0)
   (-0.382954,0) (-0.000780862,0)    (-0.923767,0)
0.999927
0.0112681
0.00438215
0
-0.770673
-0.509322
-0.382954
----Vec----
 (10912.9,0)
(-6632.67,0)
(-4259.94,0)
 
 (-0.769006,0)   (0.554488,0)   (0.318137,0)
  (-0.51291,0)  (-0.832191,0)   (0.210578,0)
 (-0.381514,0) (0.00119025,0)  (-0.924362,0)
0.999867
0.0151739
0.00595176
0
-0.769006
 -0.51291
-0.381514
----Vec----
 (10740.7,0)
(-6529.52,0)
(-4191.04,0)
 
 (-0.769512,0)   (0.553461,0)   (0.318702,0)
 (-0.511821,0)  (-0.832874,0)   (0.210524,0)
 (-0.381956,0) (0.00106762,0)   (-0.92418,0)
0.999888
0.0139894
0.0054699
0
-0.769512
-0.511821
-0.381956
R:
 0.215095
 0.221342
0.0875438
Dot: 0.999942
 R Past:
-0.775413
-0.498977
-0.386984
Current:
-0.771197
-0.508196
-0.383395 ----Vec----
 (10912.6,0)
(-4259.92,0)
(-6632.35,0)
 
 (-0.768972,0)  (-0.318108,0)   (0.554552,0)
 (-0.512976,0)  (-0.210585,0)  (-0.832148,0)
 (-0.381494,0)   (0.924371,0) (0.00119829,0)
0.999984
0.00205681
0.005234
0
-0.768972
-0.512976
-0.381494
----Vec----
 (11194.6,0)
(-6801.01,0)
(-4372.93,0)
 
 (-0.768108,0)   (0.556291,0)   (0.317157,0)
 (-0.514818,0)  (-0.830986,0)    (0.21068,0)
 (-0.380753,0) (0.00140464,0)  (-0.924676,0)
0.99997
0.00724456
0.00285922
0
-0.768108
-0.514818
-0.380753
----Vec----
 (11266.5,0)
(-6844.06,0)
(-4401.74,0)
 
   (-0.7679,0)    (0.55671,0)   (0.316926,0)
 (-0.515262,0)  (-0.830706,0)   (0.210701,0)
 (-0.380572,0) (0.00145379,0)   (-0.92475,0)
0.999966
0.00772855
0.00305501
0
  -0.7679
-0.515262
-0.380572
----Vec----
 (11785.2,0)
(-4609.76,0)
(-7154.12,0)
 
   (-0.76637,0)    (0.315243,0)   (-0.559765,0)
  (-0.518498,0)    (0.210861,0)    (0.828649,0)
  (-0.379258,0)   (-0.925289,0) (-0.00180796,0)
0.999927
0.00447862
0.0112658
0
 -0.76637
-0.518498
-0.379258
----Vec----
 (12414.1,0)
(-7530.13,0)
(-4861.94,0)
 
 (-0.764674,0)   (0.563132,0)   (0.313359,0)
 (-0.522069,0)  (-0.826364,0)    (0.21102,0)
 (-0.377781,0) (0.00218761,0)  (-0.925892,0)
0.999867
0.0151686
0.00608188
0
-0.764674
-0.522069
-0.377781
----Vec----
 (12213.2,0)
(-7409.96,0)
(-4781.41,0)
 
 (-0.765188,0)   (0.562112,0)   (0.313935,0)
 (-0.520987,0)  (-0.827058,0)   (0.210975,0)
 (-0.378234,0) (0.00207403,0)  (-0.925708,0)
0.999887
0.0139863
0.00559004
0
-0.765188
-0.520987
-0.378234
R:
 0.208926
 0.217277
0.0844766
Dot: 0.999942
 R Past:
-0.771197
-0.508196
-0.383395
Current:
-0.766903
-0.517377
-0.379712 ----Vec----
 (12413.8,0)
(-7529.78,0)
(-4861.92,0)
 
 (-0.764638,0)   (0.563197,0)   (0.313329,0)
 (-0.522137,0)   (-0.82632,0)   (0.211026,0)
  (-0.37776,0) (0.00219559,0)  (-0.925901,0)
0.999984
0.00523224
0.00210227
0
-0.764638
-0.522137
 -0.37776
----Vec----
 (12742.9,0)
(-7726.42,0)
(-4994.09,0)
 
 (-0.763758,0)  (-0.564927,0)   (0.312359,0)
 (-0.523971,0)   (0.825138,0)   (0.211107,0)
 (-0.376999,0) (-0.0023869,0)  (-0.926211,0)
0.99997
0.00724283
0.00292265
0
-0.763758
-0.523971
-0.376999
----Vec----
   (12827,0)
 (-5027.8,0)
(-7776.64,0)
 
  (-0.763546,0)    (0.312123,0)   (-0.565343,0)
  (-0.524413,0)    (0.211125,0)    (0.824853,0)
  (-0.376813,0)   (-0.926286,0) (-0.00243224,0)
0.999965
0.00312257
0.00772673
0
-0.763546
-0.524413
-0.376813
----Vec----
 (13433.2,0)
(-8138.63,0)
 (-5271.4,0)
 
 (-0.761988,0)   (0.568382,0)   (0.310406,0)
 (-0.527636,0)   (-0.82276,0)   (0.211258,0)
 (-0.375465,0) (0.00276074,0)  (-0.926832,0)
0.999926
0.0112646
0.00457804
0
-0.761988
-0.527636
-0.375465
----Vec----
 (14169.4,0)
(-8578.27,0)
(-5567.15,0)
 
(-0.760263,0)  (0.571727,0)  (0.308485,0)
 (-0.53119,0) (-0.820438,0)  (0.211387,0)
(-0.373949,0) (0.0031111,0) (-0.927444,0)
0.999866
0.0151647
0.00621626
0
-0.760263
 -0.53119
-0.373949
----Vec----
 (13934.1,0)
(-8437.68,0)
(-5472.65,0)
 
 (-0.760785,0)   (0.570715,0)   (0.309072,0)
 (-0.530114,0)  (-0.821143,0)   (0.211351,0)
 (-0.374413,0) (0.00300668,0)  (-0.927257,0)
0.999886
0.0139839
0.00571391
0
-0.760785
-0.530114
-0.374413
R:
  0.20279
 0.213138
0.0814389
Dot: 0.999942
 R Past:
-0.766903
-0.517377
-0.379712
Current:
-0.762531
-0.526519
 -0.37593 ----Vec----
   (14169,0)
(-8577.87,0)
(-5567.12,0)
 
  (-0.760225,0)   (-0.571794,0)    (0.308454,0)
  (-0.531259,0)    (0.820391,0)    (0.211394,0)
  (-0.373926,0) (-0.00311843,0)   (-0.927453,0)
0.999984
0.00523123
0.00214915
0
-0.760225
-0.531259
-0.373926
----Vec----
 (14554.8,0)
(-5722.32,0)
(-8808.09,0)
 
 (-0.75933,0) (-0.307464,0)  (0.573514,0)
(-0.533086,0) (-0.211458,0) (-0.819189,0)
(-0.373145,0)  (0.927767,0) (0.0032954,0)
0.999969
0.00298792
0.00724244
0
 -0.75933
-0.533086
-0.373145
----Vec----
 (14653.3,0)
(-8866.91,0)
(-5761.93,0)
 
  (-0.759115,0)   (-0.573927,0)    (0.307224,0)
  (-0.533525,0)      (0.8189,0)    (0.211473,0)
  (-0.372955,0) (-0.00333709,0)   (-0.927843,0)
0.999965
0.00772545
0.00319223
0
-0.759115
-0.533525
-0.372955
----Vec----
 (15364.9,0)
(-9291.28,0)
(-6048.35,0)
 
  (-0.757528,0)    (-0.57695,0)    (0.305472,0)
  (-0.536737,0)    (0.816771,0)    (0.211579,0)
  (-0.371571,0) (-0.00363918,0)   (-0.928397,0)
0.999926
0.0112646
0.00468077
0
-0.757528
-0.536737
-0.371571
----Vec----
 (16230.3,0)
 (-9807.5,0)
(-6396.66,0)
 
  (-0.755774,0)   (-0.580274,0)    (0.303515,0)
  (-0.540273,0)    (0.814412,0)    (0.211676,0)
  (-0.370016,0) (-0.00396112,0)   (-0.929017,0)
0.999865
0.0151624
0.00635473
0
-0.755774
-0.540273
-0.370016
----Vec----
 (15953.5,0)
(-9642.33,0)
(-6285.31,0)
 
 (-0.756304,0)   (0.579269,0)   (0.304112,0)
 (-0.539203,0)  (-0.815127,0)    (0.21165,0)
 (-0.370492,0) (0.00386533,0)  (-0.928827,0)
0.999885
0.0139834
0.00584199
0
-0.756304
-0.539203
-0.370492
R:
  0.19669
 0.208926
0.0784315
Dot: 0.999941
 R Past:
-0.762531
-0.526519
 -0.37593
Current:
-0.758081
-0.535624
-0.372049 ----Vec----
 (16229.8,0)
(-9807.03,0)
(-6396.62,0)
 
(-0.755734,0)  (0.580342,0)  (0.303482,0)
(-0.540344,0) (-0.814363,0)  (0.211682,0)
(-0.369992,0) (0.0039681,0) (-0.929026,0)
0.999984
0.0052304
0.00219768
0
-0.755734
-0.540344
-0.369992
----Vec----
   (16684,0)
(-10077.7,0)
(-6579.63,0)
 
 (-0.754823,0)   (0.582053,0)   (0.302472,0)
 (-0.542163,0)  (-0.813141,0)   (0.211731,0)
 (-0.369191,0) (0.00413006,0)  (-0.929344,0)
0.999969
0.00724232
0.0030555
0
-0.754823
-0.542163
-0.369191
----Vec----
   (16800,0)
(-6626.36,0)
(-10146.9,0)
 
 (-0.754604,0)  (-0.302227,0)   (0.582463,0)
   (-0.5426,0)  (-0.211741,0)  (-0.812846,0)
 (-0.368995,0)   (0.929422,0) (0.00416824,0)
0.999965
0.00326431
0.00772536
0
-0.754604
  -0.5426
-0.368995
----Vec----
 (17638.8,0)
(-10646.6,0)
(-6964.59,0)
 
 (-0.752989,0)   (0.585469,0)    (0.30044,0)
 (-0.545799,0)  (-0.810683,0)   (0.211817,0)
 (-0.367574,0) (0.00444478,0)  (-0.929983,0)
0.999925
0.0112658
0.004787
0
-0.752989
-0.545799
-0.367574
----Vec----
 (18660.6,0)
 (-7376.6,0)
(-11255.5,0)
 
  (-0.751205,0)    (0.298446,0)   (-0.588771,0)
  (-0.549318,0)    (0.211881,0)    (0.808286,0)
  (-0.365979,0)   (-0.930611,0) (-0.00473817,0)
0.999864
0.00649817
0.0151615
0
-0.751205
-0.549318
-0.365979
----Vec----
 (18333.6,0)
(-11060.5,0)
 (-7244.8,0)
 
 (-0.751744,0)   (0.587774,0)   (0.299054,0)
 (-0.548254,0)  (-0.809012,0)   (0.211865,0)
 (-0.366467,0) (0.00465073,0)  (-0.930419,0)
0.999884
0.0139844
0.00597431
0
-0.751744
-0.548254
-0.366467
R:
 0.190626
 0.204641
0.0754551
Dot: 0.999941
 R Past:
-0.758081
-0.535624
-0.372049
Current:
-0.753552
 -0.54469
-0.368065 ----Vec----
   (18660,0)
(-11254.9,0)
(-7376.55,0)
 
  (-0.751164,0)    (-0.58884,0)    (0.298411,0)
   (-0.54939,0)    (0.808235,0)    (0.211887,0)
  (-0.365954,0) (-0.00474474,0)   (-0.930621,0)
0.999984
0.00523064
0.00224788
0
-0.751164
 -0.54939
-0.365954
----Vec----
   (19197,0)
(-11574.6,0)
(-7593.32,0)
 
 (-0.750237,0)   (0.590541,0)   (0.297382,0)
 (-0.551203,0)  (-0.806993,0)   (0.211918,0)
 (-0.365131,0) (0.00489199,0)  (-0.930943,0)
0.999969
0.00724328
0.00312559
0
-0.750237
-0.551203
-0.365131
----Vec----
 (19334.3,0)
(-11656.4,0)
(-7648.69,0)
 
 (-0.750014,0)   (0.590949,0)   (0.297133,0)
 (-0.551637,0)  (-0.806694,0)   (0.211923,0)
 (-0.364931,0) (0.00492684,0)  (-0.931021,0)
0.999965
0.00772566
0.0033389
0
-0.750014
-0.551637
-0.364931
----Vec----
 (20327.6,0)
(-12247.5,0)
(-8049.93,0)
 
 (-0.748371,0)   (0.593937,0)   (0.295311,0)
 (-0.554824,0)  (-0.804495,0)   (0.211968,0)
 (-0.363472,0) (0.00517837,0)  (-0.931591,0)
0.999925
0.0112687
0.00489694
0
-0.748371
-0.554824
-0.363472
----Vec----
 (21539.8,0)
  (-12969,0)
(-8539.54,0)
 
 (-0.746557,0)   (0.597217,0)   (0.293279,0)
 (-0.558325,0)  (-0.802061,0)   (0.211996,0)
 (-0.361836,0) (0.00544285,0)  (-0.932226,0)
0.999863
0.0151625
0.00664628
0
-0.746557
-0.558325
-0.361836
----Vec----
 (21151.6,0)
(-12737.8,0)
(-8382.81,0)
 
 (-0.747105,0)   (0.596227,0)   (0.293898,0)
 (-0.557268,0)  (-0.802798,0)   (0.211992,0)
 (-0.362336,0) (0.00536442,0)  (-0.932032,0)
0.999884
0.013987
0.00611116
0
-0.747105
-0.557268
-0.362336
R:
 0.184597
 0.200283
0.0725106
Dot: 0.99994
 R Past:
-0.753552
 -0.54469
-0.368065
Current:
-0.748944
-0.553719
-0.363976 ----Vec----
 (21539.1,0)
(-12968.3,0)
(-8539.49,0)
 
 (-0.746514,0)   (0.597288,0)   (0.293243,0)
   (-0.5584,0)  (-0.802008,0)   (0.212002,0)
 (-0.361809,0) (0.00544894,0)  (-0.932236,0)
0.999984
0.00523159
0.00229977
0
-0.746514
  -0.5584
-0.361809
----Vec----
 (22177.1,0)
(-13347.8,0)
(-8797.45,0)
 
(-0.745571,0)  (0.598979,0)  (0.292193,0)
(-0.560205,0) (-0.800746,0)  (0.212014,0)
(-0.360964,0) (0.0055822,0) (-0.932563,0)
0.999969
0.00724521
0.00319789
0
-0.745571
-0.560205
-0.360964
----Vec----
 (22340.2,0)
(-13444.8,0)
(-8863.39,0)
 
  (-0.745345,0)   (-0.599383,0)     (0.29194,0)
  (-0.560637,0)    (0.800443,0)    (0.212015,0)
  (-0.360759,0) (-0.00561327,0)   (-0.932642,0)
0.999964
0.00772732
0.00341599
0
-0.745345
-0.560637
-0.360759
----Vec----
 (23522.2,0)
(-14147.5,0)
(-9341.66,0)
 
  (-0.743672,0)   (-0.602354,0)    (0.290082,0)
  (-0.563812,0)    (0.798207,0)    (0.212026,0)
  (-0.359261,0) (-0.00583968,0)   (-0.933219,0)
0.999924
0.0112728
0.00501068
0
-0.743672
-0.563812
-0.359261
----Vec----
 (24967.5,0)
(-15006.8,0)
(-9926.36,0)
 
  (-0.741829,0)    (-0.60561,0)    (0.288014,0)
  (-0.567296,0)    (0.795738,0)    (0.212016,0)
  (-0.357582,0) (-0.00607733,0)   (-0.933862,0)
0.999862
0.015165
0.00679961
0
-0.741829
-0.567296
-0.357582
----Vec----
 (24504.3,0)
(-14731.3,0)
(-9739.06,0)
 
  (-0.742384,0)    (-0.60463,0)    (0.288643,0)
  (-0.566245,0)    (0.796484,0)    (0.212023,0)
  (-0.358095,0) (-0.00600668,0)   (-0.933666,0)
0.999883
0.0139917
0.00625296
0
-0.742384
-0.566245
-0.358095
R:
 0.178606
 0.195853
0.0695988
Dot: 0.99994
 R Past:
-0.748944
-0.553719
-0.363976
Current:
-0.744255
-0.562711
-0.359778 ----Vec----
(24966.7,0)
 (-15006,0)
(-9926.3,0)
 
 (-0.741784,0)   (0.605684,0)   (0.287975,0)
 (-0.567372,0)  (-0.795682,0)   (0.212021,0)
 (-0.357554,0) (0.00608276,0)  (-0.933872,0)
0.999984
0.00523281
0.00235371
0
-0.741784
-0.567372
-0.357554
----Vec----
 (25728.4,0)
(-10234.8,0)
(-15458.6,0)
 
  (-0.740824,0)    (0.286906,0)   (-0.607364,0)
   (-0.56917,0)    (0.212013,0)      (0.7944,0)
  (-0.356687,0)   (-0.934203,0) (-0.00620139,0)
0.999968
0.00327295
0.00724787
0
-0.740824
 -0.56917
-0.356687
----Vec----
 (25923.4,0)
(-10313.8,0)
(-15574.5,0)
 
  (-0.740594,0)    (0.286648,0)   (-0.607765,0)
    (-0.5696,0)    (0.212009,0)    (0.794092,0)
  (-0.356476,0)   (-0.934283,0) (-0.00622966,0)
0.999964
0.00349598
0.00772998
0
-0.740594
  -0.5696
-0.356476
----Vec----
 (27337.2,0)
(-16414.1,0)
(-10886.7,0)
 
 (-0.738892,0)   (0.610719,0)   (0.284754,0)
 (-0.572763,0)  (-0.791821,0)   (0.211986,0)
 (-0.354938,0) (0.00643074,0)  (-0.934868,0)
0.999923
0.0112785
0.0051287
0
-0.738892
-0.572763
-0.354938
----Vec----
 (29069.3,0)
(-17442.9,0)
(-11588.7,0)
 
 (-0.737019,0)   (0.613952,0)   (0.282649,0)
  (-0.57623,0)  (-0.789316,0)   (0.211934,0)
 (-0.353216,0) (0.00664092,0)  (-0.935518,0)
0.999861
0.0151697
0.00695851
0
-0.737019
 -0.57623
-0.353216
----Vec----
 (28513.8,0)
(-17112.8,0)
(-11363.6,0)
 
  (-0.737583,0)   (-0.612979,0)    (0.283289,0)
  (-0.575185,0)    (0.790072,0)    (0.211954,0)
  (-0.353742,0) (-0.00657911,0)    (-0.93532,0)
0.999882
0.0139977
0.00639977
0
-0.737583
-0.575185
-0.353742
R:
 0.172652
 0.191352
0.0667206
Dot: 0.999939
 R Past:
-0.744255
-0.562711
-0.359778
Current:
-0.739486
-0.571665
 -0.35547 ----Vec----
 (29068.4,0)
  (-17442,0)
(-11588.6,0)
 
  (-0.736972,0)   (-0.614026,0)    (0.282608,0)
  (-0.576308,0)    (0.789258,0)    (0.211939,0)
  (-0.353186,0) (-0.00664606,0)   (-0.935529,0)
0.999983
0.00523517
0.00240934
0
-0.736972
-0.576308
-0.353186
----Vec----
 (29982.9,0)
(-17984.8,0)
(-11959.6,0)
 
 (-0.735996,0)  (-0.615696,0)   (0.281518,0)
 (-0.578099,0)   (0.787955,0)    (0.21191,0)
 (-0.352296,0) (-0.0067513,0)  (-0.935864,0)
0.999968
0.00725192
0.00335059
0
-0.735996
-0.578099
-0.352296
----Vec----
 (30217.1,0)
(-12054.5,0)
(-18123.8,0)
 
  (-0.735762,0)    (0.281255,0)   (-0.616094,0)
  (-0.578527,0)    (0.211901,0)    (0.787643,0)
   (-0.35208,0)   (-0.935945,0) (-0.00677554,0)
0.999964
0.00357887
0.00773335
0
-0.735762
-0.578527
 -0.35208
----Vec----
 (31917.4,0)
(-19132.6,0)
(-12744.7,0)
 
  (-0.734031,0)    (-0.61903,0)    (0.279326,0)
  (-0.581677,0)    (0.785336,0)     (0.21184,0)
    (-0.3505,0) (-0.00695248,0)   (-0.936537,0)
0.999923
0.0112861
0.00525096
0
-0.734031
-0.581677
  -0.3505
----Vec----
 (34004.9,0)
(-20371.2,0)
  (-13592,0)
 
 (-0.732127,0)  (-0.622238,0)   (0.277184,0)
 (-0.585127,0)   (0.782795,0)   (0.211745,0)
 (-0.348734,0) (-0.0071358,0)  (-0.937194,0)
0.99986
0.015176
0.00712316
0
-0.732127
-0.585127
-0.348734
----Vec----
   (33335,0)
(-19973.6,0)
(-13320.2,0)
 
  (-0.7327,0)  (0.621274,0)  (0.277834,0)
(-0.584089,0) (-0.783561,0)  (0.211778,0)
(-0.349272,0)  (0.007082,0) (-0.936994,0)
0.999881
0.014006
0.00655216
0
  -0.7327
-0.584089
-0.349272
R:
 0.166736
 0.186778
0.0638769
Dot: 0.999939
 R Past:
-0.739486
-0.571665
 -0.35547
Current:
-0.734635
-0.580584
-0.351046 ----Vec----
 (34003.9,0)
(-20370.2,0)
(-13591.9,0)
 
 (-0.732078,0)   (0.622315,0)   (0.277141,0)
 (-0.585208,0)  (-0.782734,0)   (0.211749,0)
 (-0.348702,0) (0.00714079,0)  (-0.937206,0)
0.999983
0.00523838
0.00246742
0
-0.732078
-0.585208
-0.348702
----Vec----
 (35107.9,0)
(-21024.9,0)
(-14040.5,0)
 
 (-0.731085,0)   (0.623974,0)   (0.276031,0)
 (-0.586991,0)  (-0.781412,0)   (0.211697,0)
 (-0.347788,0) (0.00723214,0)  (-0.937545,0)
0.999968
0.00725722
0.00343156
0
-0.731085
-0.586991
-0.347788
----Vec----
 (35390.9,0)
(-21192.7,0)
(-14155.4,0)
 
  (-0.730848,0)    (-0.62437,0)    (0.275764,0)
  (-0.587417,0)    (0.781096,0)    (0.211683,0)
  (-0.347566,0) (-0.00725284,0)   (-0.937627,0)
0.999964
0.00773841
0.00366493
0
-0.730848
-0.587417
-0.347566
----Vec----
 (37447.7,0)
(-22411.7,0)
(-14991.7,0)
 
 (-0.729086,0)   (0.627287,0)   (0.273798,0)
 (-0.590556,0)  (-0.778753,0)   (0.211581,0)
 (-0.345943,0) (0.00740605,0)  (-0.938226,0)
0.999922
0.0112952
0.00537829
0
-0.729086
-0.590556
-0.345943
----Vec----
 (39978.7,0)
  (-23912,0)
(-16020.5,0)
 
 (-0.727153,0)    (0.63047,0)   (0.271618,0)
 (-0.593989,0)  (-0.776177,0)   (0.211441,0)
 (-0.344131,0) (0.00756288,0)  (-0.938891,0)
0.999858
0.015185
0.00729443
0
-0.727153
-0.593989
-0.344131
----Vec----
 (39165.7,0)
  (-23430,0)
(-15690.2,0)
 
 (-0.727733,0)   (0.629515,0)   (0.272279,0)
 (-0.592957,0)  (-0.776952,0)   (0.211488,0)
 (-0.344683,0) (0.00751708,0)  (-0.938689,0)
0.999879
0.0140166
0.00671053
0
-0.727733
-0.592957
-0.344683
R:
 0.160859
 0.182134
0.0610685
Dot: 0.999938
 R Past:
-0.734635
-0.580584
-0.351046
Current:
-0.729701
-0.589467
-0.346504 ----Vec----
 (39977.4,0)
(-23910.9,0)
(-16020.4,0)
 
 (-0.727101,0)   (0.630549,0)   (0.271573,0)
 (-0.594072,0)  (-0.776112,0)   (0.211444,0)
 (-0.344097,0) (0.00756719,0)  (-0.938903,0)
0.999983
0.00524217
0.00252756
0
-0.727101
-0.594072
-0.344097
----Vec----
 (41318.5,0)
(-24705.3,0)
(-16566.1,0)
 
   (-0.72609,0)   (-0.632197,0)    (0.270443,0)
  (-0.595849,0)     (0.77477,0)    (0.211369,0)
  (-0.343158,0) (-0.00764502,0)   (-0.939246,0)
0.999967
0.00726309
0.00351551
0
 -0.72609
-0.595849
-0.343158
----Vec----
 (41662.4,0)
(-24909.1,0)
  (-16706,0)
 
 (-0.72585,0)  (0.632589,0)  (0.270171,0)
(-0.596272,0)  (-0.77445,0)  (0.211349,0)
(-0.342931,0) (0.0076633,0) (-0.939329,0)
0.999963
0.00774431
0.00375445
0
 -0.72585
-0.596272
-0.342931
----Vec----
   (44166,0)
(-26391.5,0)
(-17725.3,0)
 
  (-0.724058,0)   (-0.635488,0)    (0.268169,0)
    (-0.5994,0)    (0.772071,0)    (0.211204,0)
  (-0.341263,0) (-0.00779258,0)   (-0.939935,0)
0.999921
0.0113063
0.00551057
0
-0.724058
  -0.5994
-0.341263
----Vec----
 (47254.1,0)
(-18982.6,0)
(-28220.3,0)
 
  (-0.722094,0)    (0.265952,0)   (-0.638646,0)
  (-0.602815,0)    (0.211016,0)     (0.76946,0)
  (-0.339404,0)   (-0.940607,0) (-0.00792399,0)
0.999857
0.00747244
0.0151955
0
-0.722094
-0.602815
-0.339404
----Vec----
 (46261.3,0)
(-27632.2,0)
(-18578.5,0)
 
  (-0.722682,0)   (-0.637699,0)    (0.266623,0)
   (-0.60179,0)    (0.770245,0)    (0.211078,0)
  (-0.339969,0) (-0.00788584,0)   (-0.940403,0)
0.999878
0.014029
0.00687525
0
-0.722682
 -0.60179
-0.339969
R:
 0.155021
 0.177418
0.0582965
Dot: 0.999937
 R Past:
-0.729701
-0.589467
-0.346504
Current:
-0.724684
-0.598314
 -0.34184 ----Vec----
 (47252.5,0)
(-28218.9,0)
(-18982.4,0)
 
   (-0.72204,0)   (-0.638727,0)    (0.265904,0)
    (-0.6029,0)    (0.769393,0)    (0.211018,0)
  (-0.339367,0) (-0.00792757,0)    (-0.94062,0)
0.999983
0.00524712
0.00259028
0
 -0.72204
  -0.6029
-0.339367
----Vec----
   (48892,0)
(-29189.1,0)
(-19650.5,0)
 
 (-0.721011,0)   (0.640364,0)   (0.264754,0)
 (-0.604671,0)   (-0.76803,0)   (0.210917,0)
 (-0.338402,0) (0.00799232,0)  (-0.940967,0)
0.999967
0.00727057
0.00360318
0
-0.721011
-0.604671
-0.338402
----Vec----
 (49312.9,0)
(-29438.3,0)
(-19821.9,0)
 
  (-0.720767,0)   (-0.640753,0)    (0.264477,0)
  (-0.605092,0)    (0.767705,0)    (0.210891,0)
  (-0.338169,0) (-0.00800693,0)   (-0.941051,0)
0.999963
0.00775185
0.0038477
0
-0.720767
-0.605092
-0.338169
----Vec----
 (52380.3,0)
(-31252.9,0)
(-21072.7,0)
 
  (-0.718944,0)   (-0.643632,0)    (0.262439,0)
  (-0.608208,0)    (0.765292,0)      (0.2107,0)
  (-0.336456,0) (-0.00811373,0)   (-0.941664,0)
0.99992
0.0113192
0.00564837
0
-0.718944
-0.608208
-0.336456
----Vec----
 (56173.8,0)
(-33497.4,0)
(-22619.3,0)
 
(-0.716949,0)  (0.646765,0)  (0.260184,0)
(-0.611606,0) (-0.762645,0)  (0.210461,0)
(-0.334547,0) (0.0082198,0) (-0.942343,0)
0.999855
0.0152085
0.00765783
0
-0.716949
-0.611606
-0.334547
----Vec----
 (54953.1,0)
(-22121.8,0)
  (-32775,0)
 
 (-0.717546,0)  (-0.260866,0)   (0.645828,0)
 (-0.610588,0)  (-0.210539,0)  (-0.763439,0)
 (-0.335127,0)   (0.942137,0) (0.00818887,0)
0.999877
0.0070468
0.0140439
0
-0.717546
-0.610588
-0.335127
R:
 0.149224
 0.172632
0.0555618
Dot: 0.999937
 R Past:
-0.724684
-0.598314
 -0.34184
Current:
-0.719581
-0.607125
-0.337048 ----Vec----
 (56171.8,0)
(-33495.7,0)
(-22619.1,0)
 
  (-0.716892,0)   (-0.646848,0)    (0.260134,0)
  (-0.611694,0)    (0.762575,0)    (0.210462,0)
  (-0.334508,0) (-0.00822295,0)   (-0.942357,0)
0.999983
0.00525293
0.00265576
0
-0.716892
-0.611694
-0.334508
----Vec----
 (58190.1,0)
(-23442.7,0)
(-34689.1,0)
 
  (-0.715847,0)    (0.258962,0)   (-0.648474,0)
  (-0.613458,0)    (0.210334,0)    (0.761192,0)
  (-0.333516,0)   (-0.942708,0) (-0.00827446,0)
0.999967
0.00369437
0.00727975
0
-0.715847
-0.613458
-0.333516
----Vec----
 (58708.6,0)
(-34995.7,0)
(-23654.2,0)
 
  (-0.715599,0)   (-0.648859,0)    (0.258681,0)
  (-0.613877,0)    (0.760863,0)    (0.210302,0)
  (-0.333277,0) (-0.00828659,0)   (-0.942792,0)
0.999962
0.00776052
0.00394492
0
-0.715599
-0.613877
-0.333277
----Vec----
 (62493.6,0)
(-37232.9,0)
(-25199.7,0)
 
 (-0.713744,0)    (0.65172,0)   (0.256606,0)
 (-0.616982,0)  (-0.758413,0)   (0.210063,0)
 (-0.331516,0) (0.00837058,0)  (-0.943412,0)
0.999919
0.0113348
0.00579228
0
-0.713744
-0.616982
-0.331516
----Vec----
 (67187.5,0)
(-40007.6,0)
(-27116.1,0)
 
 (-0.711718,0)   (0.654826,0)   (0.254314,0)
 (-0.620363,0)  (-0.755733,0)   (0.209769,0)
 (-0.329556,0) (0.00845199,0)  (-0.944098,0)
0.999853
0.0152242
0.00785108
0
-0.711718
-0.620363
-0.329556
----Vec----
 (65675.4,0)
  (-26499,0)
(-39113.6,0)
 
  (-0.712323,0)    (0.255006,0)   (-0.653898,0)
  (-0.619351,0)    (0.209863,0)    (0.756536,0)
   (-0.33015,0)   (-0.943891,0) (-0.00842888,0)
0.999875
0.00722586
0.0140617
0
-0.712323
-0.619351
 -0.33015
R:
 0.143467
 0.167775
0.0528654
Dot: 0.999936
 R Past:
-0.719581
-0.607125
-0.337048
Current:
-0.714392
-0.615903
-0.332125 ----Vec----
 (67185.1,0)
(-40005.5,0)
(-27115.8,0)
 
(-0.711658,0)  (0.654912,0)  (0.254261,0)
(-0.620454,0) (-0.755658,0)  (0.209769,0)
(-0.329514,0) (0.0084547,0) (-0.944113,0)
0.999983
0.00525984
0.00272417
0
-0.711658
-0.620454
-0.329514
----Vec----
 (69688.1,0)
(-41484.2,0)
(-28138.6,0)
 
 (-0.710594,0)   (0.656526,0)   (0.253069,0)
 (-0.622211,0)  (-0.754256,0)   (0.209613,0)
 (-0.328495,0) (0.00849414,0)  (-0.944467,0)
0.999966
0.00729004
0.00378996
0
-0.710594
-0.622211
-0.328495
----Vec----
 (70331.8,0)
(-41864.6,0)
(-28401.6,0)
 
 (-0.710343,0)   (0.656908,0)   (0.252783,0)
 (-0.622628,0)  (-0.753923,0)   (0.209573,0)
 (-0.328249,0) (0.00850289,0)  (-0.944553,0)
0.999962
0.0077709
0.00404653
0
-0.710343
-0.622628
-0.328249
----Vec----
 (75037.6,0)
(-30325.7,0)
(-44643.6,0)
 
  (-0.708456,0)    (0.250671,0)   (-0.659749,0)
  (-0.625723,0)    (0.209283,0)    (0.751437,0)
  (-0.326437,0)    (-0.94518,0) (-0.00856507,0)
0.999918
0.00594284
0.0113522
0
-0.708456
-0.625723
-0.326437
----Vec----
 (80890.9,0)
(-48100.7,0)
(-32718.6,0)
 
  (-0.706399,0)   (-0.662828,0)    (0.248342,0)
  (-0.629086,0)    (0.748723,0)    (0.208931,0)
  (-0.324424,0) (-0.00862287,0)   (-0.945872,0)
0.999851
0.0152424
0.00805321
0
-0.706399
-0.629086
-0.324424
----Vec----
 (79003.5,0)
(-46985.7,0)
(-31947.2,0)
 
 (-0.707012,0)    (0.66191,0)   (0.249044,0)
 (-0.628082,0)  (-0.749534,0)   (0.209043,0)
 (-0.325034,0) (0.00860706,0)  (-0.945663,0)
0.999873
0.0140819
0.00741316
0
-0.707012
-0.628082
-0.325034
R:
 0.137752
 0.162847
0.0502085
Dot: 0.999935
 R Past:
-0.714392
-0.615903
-0.332125
Current:
-0.709116
-0.624647
-0.327064 ----Vec----
 (80888.1,0)
(-48098.2,0)
(-32718.3,0)
 
 (-0.706335,0)   (0.662916,0)   (0.248285,0)
  (-0.62918,0)  (-0.748644,0)   (0.208929,0)
  (-0.32438,0) (0.00862498,0)  (-0.945887,0)
0.999982
0.00526732
0.00279573
0
-0.706335
 -0.62918
 -0.32438
----Vec----
   (84017,0)
(-49945.1,0)
(-33998.6,0)
 
  (-0.705254,0)   (-0.664519,0)    (0.247072,0)
  (-0.630931,0)    (0.747221,0)    (0.208743,0)
  (-0.323331,0) (-0.00865229,0)   (-0.946246,0)
0.999966
0.00730148
0.0038898
0
-0.705254
-0.630931
-0.323331
----Vec----
 (84822.4,0)
(-50420.6,0)
  (-34328,0)
 
(-0.704998,0)  (0.664898,0)  (0.246783,0)
(-0.631346,0) (-0.746884,0)  (0.208696,0)
 (-0.32308,0) (0.0086583,0) (-0.946332,0)
0.999961
0.00778231
0.00415277
0
-0.704998
-0.631346
 -0.32308
----Vec----
 (90721.2,0)
(-53901.3,0)
  (-36743,0)
 
  (-0.703078,0)    (-0.66772,0)    (0.244632,0)
  (-0.634431,0)    (0.744362,0)    (0.208351,0)
  (-0.321215,0) (-0.00869912,0)   (-0.946966,0)
0.999917
0.0113721
0.00610028
0
-0.703078
-0.634431
-0.321215
----Vec----
 (98081.7,0)
(-58244.9,0)
(-39756.1,0)
 
  (-0.70099,0)    (0.67077,0)   (0.242266,0)
 (-0.637777,0)  (-0.741614,0)   (0.207938,0)
 (-0.319147,0) (0.00873385,0)  (-0.947665,0)
0.999849
0.0152636
0.00826442
0
 -0.70099
-0.637777
-0.319147
----Vec----
 (95705.4,0)
(-56842.2,0)
(-38783.7,0)
 
 (-0.701611,0)   (0.669863,0)   (0.242978,0)
 (-0.636779,0)  (-0.742434,0)   (0.208069,0)
 (-0.319773,0) (0.00872487,0)  (-0.947454,0)
0.999872
0.0141048
0.00760913
0
-0.701611
-0.636779
-0.319773
R:
0.132079
 0.15785
0.047592
Dot: 0.999934
 R Past:
-0.709116
-0.624647
-0.327064
Current:
 -0.70375
-0.633358
-0.321861 ----Vec----
 (98078.2,0)
(-58241.8,0)
(-39755.7,0)
 
 (-0.700922,0)   (0.670862,0)   (0.242207,0)
 (-0.637874,0)  (-0.741531,0)   (0.207935,0)
   (-0.3191,0) (0.00873557,0)  (-0.947681,0)
0.999982
0.00527656
0.00287063
0
-0.700922
-0.637874
  -0.3191
----Vec----
  (102023,0)
(-60568.4,0)
  (-41372,0)
 
 (-0.699822,0)   (0.672453,0)   (0.240973,0)
 (-0.639619,0)  (-0.740088,0)   (0.207717,0)
  (-0.31802,0) (0.00875089,0)  (-0.948043,0)
0.999965
0.00731522
0.00399442
0
-0.699822
-0.639619
 -0.31802
----Vec----
  (103040,0)
(-61168.3,0)
(-41788.3,0)
 
  (-0.699563,0)   (-0.672828,0)    (0.240678,0)
  (-0.640031,0)    (0.739747,0)    (0.207662,0)
  (-0.317762,0) (-0.00875382,0)    (-0.94813,0)
0.999961
0.00779581
0.00426421
0
-0.699563
-0.640031
-0.317762
----Vec----
  (110499,0)
(-65566.1,0)
  (-44846,0)
 
  (-0.697609,0)    (-0.67563,0)     (0.23849,0)
  (-0.643106,0)    (0.737189,0)    (0.207259,0)
  (-0.315842,0) (-0.00877443,0)   (-0.948771,0)
0.999916
0.0113944
0.00626555
0
-0.697609
-0.643106
-0.315842
----Vec----
  (119839,0)
(-71073.4,0)
(-48674.2,0)
 
 (-0.695489,0)   (0.678652,0)   (0.236087,0)
 (-0.646434,0)  (-0.734407,0)   (0.206781,0)
 (-0.313717,0) (0.00878707,0)  (-0.949476,0)
0.999847
0.0152876
0.00848606
0
-0.695489
-0.646434
-0.313717
----Vec----
  (116820,0)
(-69292.8,0)
(-47437.2,0)
 
 (-0.696118,0)   (0.677755,0)   (0.236809,0)
 (-0.645444,0)  (-0.735235,0)   (0.206931,0)
 (-0.314359,0) (0.00878448,0)  (-0.949263,0)
0.99987
0.0141308
0.00781479
0
-0.696118
-0.645444
-0.314359
R:
 0.126449
 0.152783
0.0450171
Dot: 0.999933
 R Past:
 -0.70375
-0.633358
-0.321861
Current:
-0.698293
-0.642036
-0.316507 ----Vec----
  (119835,0)
(-71069.6,0)
(-48673.6,0)
 
(-0.695417,0)  (0.678748,0)  (0.236024,0)
(-0.646536,0) (-0.734319,0)  (0.206777,0)
(-0.313666,0)  (0.008788,0) (-0.949493,0)
0.999982
0.00528684
0.00294945
0
-0.695417
-0.646536
-0.313666
----Vec----
(124855,0)
(-50733,0)
(-74028,0)
 
  (-0.694298,0)    (0.234768,0)   (-0.680327,0)
  (-0.648275,0)    (0.206524,0)    (0.732856,0)
  (-0.312555,0)   (-0.949859,0) (-0.00879179,0)
0.999965
0.00410455
0.00733048
0
-0.694298
-0.648275
-0.312555
----Vec----
  (126150,0)
(-74791.5,0)
(-51264.1,0)
 
 (-0.694035,0)   (0.680698,0)   (0.234469,0)
 (-0.648684,0)  (-0.732511,0)   (0.206461,0)
 (-0.312289,0) (0.00879225,0)  (-0.949946,0)
0.99996
0.00781095
0.00438127
0
-0.694035
-0.648684
-0.312289
----Vec----
  (135672,0)
(-80401.4,0)
(-55172.2,0)
 
 (-0.692046,0)    (0.68348,0)   (0.232243,0)
 (-0.651751,0)  (-0.729916,0)   (0.205996,0)
 (-0.310312,0) (0.00879277,0)  (-0.950594,0)
0.999914
0.0114201
0.00643942
0
-0.692046
-0.651751
-0.310312
----Vec----
  (147641,0)
  (-87453,0)
(-60083.7,0)
 
 (-0.689894,0)   (0.686474,0)   (0.229803,0)
 (-0.655061,0)  (-0.727101,0)    (0.20545,0)
 (-0.308126,0) (0.00878426,0)  (-0.951305,0)
0.999845
0.015315
0.008719
0
-0.689894
-0.655061
-0.308126
----Vec----
  (143767,0)
  (-85170,0)
(-58494.4,0)
 
 (-0.690531,0)   (0.685587,0)   (0.230534,0)
 (-0.654078,0)  (-0.727937,0)    (0.20562,0)
 (-0.308785,0) (0.00878804,0)  (-0.951091,0)
0.999867
0.0141606
0.00803092
0
-0.690531
-0.654078
-0.308785
R:
 0.120863
 0.147647
0.0424851
Dot: 0.999932
 R Past:
-0.698293
-0.642036
-0.316507
Current:
-0.692743
-0.650683
-0.310997 ----Vec----
  (147635,0)
(-87448.2,0)
  (-60083,0)
 
 (-0.689818,0)   (0.686572,0)   (0.229735,0)
 (-0.655167,0)  (-0.727008,0)   (0.205443,0)
 (-0.308071,0) (0.00878471,0)  (-0.951323,0)
0.999981
0.00529867
0.0030323
0
-0.689818
-0.655167
-0.308071
----Vec----
  (154088,0)
(-91247.8,0)
(-62733.1,0)
 
 (-0.688679,0)    (0.68814,0)   (0.228458,0)
 (-0.656899,0)  (-0.725525,0)   (0.205153,0)
 (-0.306926,0) (0.00877758,0)  (-0.951693,0)
0.999964
0.00734767
0.00422063
0
-0.688679
-0.656899
-0.306926
----Vec----
  (155755,0)
(-92229.8,0)
(-63417.4,0)
 
  (-0.688413,0)   (-0.688507,0)    (0.228155,0)
  (-0.657307,0)    (0.725176,0)    (0.205082,0)
  (-0.306653,0) (-0.00877523,0)   (-0.951781,0)
0.999959
0.00782838
0.0045045
0
-0.688413
-0.657307
-0.306653
----Vec----
(168037,0)
(-68464,0)
(-99460,0)
 
  (-0.686388,0)    (0.225889,0)    (-0.69127,0)
  (-0.660364,0)    (0.204551,0)    (0.722544,0)
  (-0.304615,0)   (-0.952435,0) (-0.00875647,0)
0.999913
0.0066227
0.0114491
0
-0.686388
-0.660364
-0.304615
----Vec----
  (183537,0)
 (-108586,0)
(-74832.3,0)
 
(-0.684203,0)  (0.694234,0)  (0.223413,0)
(-0.663657,0) (-0.719697,0)  (0.203932,0)
(-0.302366,0) (0.0087276,0) (-0.953152,0)
0.999842
0.015346
0.00896424
0
-0.684203
-0.663657
-0.302366
----Vec----
  (178512,0)
 (-105627,0)
(-72768.6,0)
 
 (-0.684849,0)   (0.693359,0)   (0.224154,0)
 (-0.662682,0)   (-0.72054,0)   (0.204124,0)
 (-0.303043,0) (0.00873738,0)  (-0.952937,0)
0.999865
0.0141941
0.00825885
0
-0.684849
-0.662682
-0.303043
R:
 0.115321
 0.142442
0.0399971
Dot: 0.999931
 R Past:
-0.692743
-0.650683
-0.310997
Current:
-0.687098
-0.659299
-0.305321 ----Vec----
  (183530,0)
 (-108580,0)
(-74831.3,0)
 
 (-0.684123,0)   (0.694336,0)   (0.223341,0)
 (-0.663767,0)  (-0.719598,0)   (0.203923,0)
 (-0.302307,0) (0.00872727,0)  (-0.953171,0)
0.999981
0.00531197
0.00311987
0
-0.684123
-0.663767
-0.302307
----Vec----
  (191915,0)
 (-113513,0)
(-78278.9,0)
 
 (-0.682964,0)   (0.695892,0)   (0.222042,0)
 (-0.665495,0)  (-0.718094,0)   (0.203595,0)
 (-0.301127,0) (0.00870947,0)  (-0.953544,0)
0.999963
0.00736696
0.00434306
0
-0.682964
-0.665495
-0.301127
----Vec----
  (194084,0)
 (-114790,0)
(-79170.4,0)
 
  (-0.682693,0)   (-0.696256,0)    (0.221734,0)
  (-0.665899,0)    (0.717741,0)    (0.203514,0)
  (-0.300845,0) (-0.00870495,0)   (-0.953633,0)
0.999959
0.00784788
0.0046348
0
-0.682693
-0.665899
-0.300845
----Vec----
  (210104,0)
 (-124214,0)
(-85760.4,0)
 
(-0.680632,0)  (0.698998,0)  (0.219429,0)
(-0.668949,0) (-0.715071,0)  (0.202913,0)
(-0.298743,0) (0.0086677,0) (-0.954294,0)
0.999911
0.0114815
0.00681648
0
-0.680632
-0.668949
-0.298743
----Vec----
  (230412,0)
 (-136162,0)
(-94113.4,0)
 
 (-0.678414,0)   (0.701932,0)   (0.216915,0)
 (-0.672224,0)  (-0.712192,0)   (0.202217,0)
 (-0.296428,0) (0.00861962,0)  (-0.955016,0)
0.999839
0.0153809
0.00922339
0
-0.678414
-0.672224
-0.296428
----Vec----
  (223818,0)
 (-132282,0)
(-91402.1,0)
 
 (-0.679067,0)   (0.701068,0)   (0.217665,0)
 (-0.671257,0)  (-0.713042,0)   (0.202432,0)
 (-0.297123,0) (0.00863482,0)    (-0.9548,0)
0.999863
0.0142315
0.00849992
0
-0.679067
-0.671257
-0.297123
R:
 0.109824
 0.137167
0.0375545
Dot: 0.99993
 R Past:
-0.687098
-0.659299
-0.305321
Current:
-0.681356
-0.667885
-0.299472 ----Vec----
  (230402,0)
 (-136154,0)
(-94112.1,0)
 
  (-0.678329,0)   (-0.702039,0)    (0.216839,0)
  (-0.672338,0)    (0.712086,0)    (0.202205,0)
  (-0.296364,0) (-0.00861861,0)   (-0.955036,0)
0.999981
0.00532693
0.00321251
0
-0.678329
-0.672338
-0.296364
----Vec----
  (241428,0)
(-98650.5,0)
 (-142637,0)
 
  (-0.677149,0)    (0.215518,0)   (-0.703582,0)
  (-0.674061,0)    (0.201835,0)    (0.710562,0)
  (-0.295146,0)   (-0.955413,0) (-0.00859058,0)
0.999963
0.00447278
0.00738862
0
-0.677149
-0.674061
-0.295146
----Vec----
 (244285,0)
(-144318,0)
 (-99826,0)
 
 (-0.676874,0)   (0.703942,0)   (0.215205,0)
 (-0.674463,0)  (-0.710205,0)   (0.201745,0)
 (-0.294857,0) (0.00858361,0)  (-0.955503,0)
0.999958
0.00786954
0.0047726
0
-0.676874
-0.674463
-0.294857
----Vec----
 (265439,0)
(-108537,0)
(-156753,0)
 
  (-0.674775,0)     (0.21286,0)   (-0.706665,0)
  (-0.677505,0)    (0.201069,0)    (0.707497,0)
  (-0.292686,0)    (-0.95617,0) (-0.00852907,0)
0.999909
0.00702178
0.0115174
0
-0.674775
-0.677505
-0.292686
----Vec----
 (292385,0)
(-172594,0)
(-119632,0)
 
 (-0.672524,0)   (0.709568,0)   (0.210309,0)
 (-0.680762,0)  (-0.704586,0)    (0.20029,0)
 (-0.290301,0) (0.00846258,0)  (-0.956898,0)
0.999836
0.0154202
0.00949778
0
-0.672524
-0.680762
-0.290301
----Vec----
 (283620,0)
(-167441,0)
(-116024,0)
 
 (-0.673185,0)   (0.708716,0)   (0.211069,0)
 (-0.679803,0)  (-0.705443,0)    (0.20053,0)
 (-0.291016,0) (0.00848335,0)  (-0.956681,0)
0.99986
0.0142735
0.00875522
0
-0.673185
-0.679803
-0.291016
R:
 0.104373
 0.131824
0.0351588
Dot: 0.999928
 R Past:
-0.681356
-0.667885
-0.299472
Current:
-0.675513
-0.676444
-0.293439 ----Vec----
 (292373,0)
(-172584,0)
(-119631,0)
 
 (-0.672432,0)    (0.70968,0)   (0.210227,0)
 (-0.680882,0)  (-0.704474,0)   (0.200275,0)
 (-0.290231,0) (0.00846072,0)  (-0.956919,0)
0.99998
0.00534347
0.00331092
0
-0.672432
-0.680882
-0.290231
----Vec----
 (307062,0)
(-181216,0)
(-125683,0)
 
(-0.671232,0)  (0.711211,0)  (0.208884,0)
  (-0.6826,0) (-0.702928,0)  (0.199861,0)
(-0.288974,0) (0.0084233,0)   (-0.9573,0)
0.999962
0.00741309
0.0046106
0
-0.671232
  -0.6826
-0.288974
----Vec----
 (310874,0)
(-183456,0)
(-127253,0)
 
 (-0.670953,0)   (0.711567,0)   (0.208568,0)
    (-0.683,0)  (-0.702568,0)    (0.19976,0)
 (-0.288676,0) (0.00841423,0)   (-0.95739,0)
0.999957
0.00789398
0.00491899
0
-0.670953
   -0.683
-0.288676
----Vec----
 (339183,0)
(-200087,0)
(-138923,0)
 
(-0.668815,0)   (0.71427,0)  (0.206181,0)
(-0.686034,0)  (-0.69982,0)  (0.199004,0)
(-0.286432,0) (0.0083428,0) (-0.958064,0)
0.999907
0.0115577
0.00724019
0
-0.668815
-0.686034
-0.286432
----Vec----
 (375439,0)
(-221388,0)
(-153867,0)
 
  (-0.66653,0)   (0.717142,0)   (0.203593,0)
 (-0.689273,0)  (-0.696878,0)   (0.198138,0)
 (-0.283973,0) (0.00825916,0)  (-0.958797,0)
0.999833
0.0154637
0.00978917
0
 -0.66653
-0.689273
-0.283973
----Vec----
 (363624,0)
(-214444,0)
(-148998,0)
 
 (-0.667197,0)   (0.716303,0)   (0.204361,0)
 (-0.688323,0)  (-0.697741,0)   (0.198404,0)
 (-0.284708,0) (0.00828461,0)  (-0.958578,0)
0.999857
0.0143205
0.0090268
0
-0.667197
-0.688323
-0.284708
R:
0.0989693
 0.126413
0.0328113
Dot: 0.999927
 R Past:
-0.675513
-0.676444
-0.293439
Current:
-0.669567
-0.684975
-0.287211 ----Vec----
 (375424,0)
(-221375,0)
(-153865,0)
 
 (-0.666431,0)   (0.717259,0)   (0.203505,0)
   (-0.6894,0)  (-0.696758,0)    (0.19812,0)
 (-0.283897,0) (0.00825647,0)  (-0.958819,0)
0.99998
0.00536236
0.00341579
0
-0.666431
  -0.6894
-0.283897
----Vec----
 (395275,0)
(-233032,0)
(-162053,0)
 
 (-0.665209,0)   (0.718778,0)   (0.202138,0)
 (-0.691112,0)  (-0.695191,0)   (0.197658,0)
 (-0.282597,0) (0.00821014,0)  (-0.959204,0)
0.999961
0.00744006
0.00475766
0
-0.665209
-0.691112
-0.282597
----Vec----
 (400436,0)
(-236063,0)
(-164181,0)
 
(-0.664926,0)   (0.71913,0)  (0.201818,0)
 (-0.69151,0) (-0.694827,0)  (0.197546,0)
 (-0.28229,0) (0.0081988,0) (-0.959294,0)
0.999956
0.00792134
0.00507504
0
-0.664926
 -0.69151
 -0.28229
----Vec----
 (438886,0)
(-258637,0)
(-180046,0)
 
 (-0.662747,0)   (0.721814,0)   (0.199389,0)
 (-0.694539,0)  (-0.692039,0)   (0.196704,0)
 (-0.279969,0) (0.00811182,0)  (-0.959975,0)
0.999905
0.011603
0.00747347
0
-0.662747
-0.694539
-0.279969
----Vec----
 (488425,0)
(-287722,0)
(-200486,0)
 
 (-0.660428,0)   (0.724654,0)   (0.196763,0)
 (-0.697759,0)  (-0.689066,0)   (0.195745,0)
 (-0.277431,0) (0.00801198,0)  (-0.960712,0)
0.999829
0.0155126
0.0101
0
-0.660428
-0.697759
-0.277431
----Vec----
 (472246,0)
(-278221,0)
(-193812,0)
 
 (-0.661103,0)   (0.723827,0)    (0.19754,0)
 (-0.696818,0)  (-0.689934,0)   (0.196038,0)
 (-0.278187,0) (0.00804207,0)  (-0.960493,0)
0.999853
0.014373
0.00931664
0
-0.661103
-0.696818
-0.278187
R:
0.0936128
 0.120933
0.0305136
Dot: 0.999925
 R Past:
-0.669567
-0.684975
-0.287211
Current:
-0.663514
 -0.69348
-0.280775 ----Vec----
 (488404,0)
(-287705,0)
(-200482,0)
 
 (-0.660322,0)  (-0.724776,0)  (-0.196669,0)
 (-0.697892,0)   (0.688938,0)  (-0.195723,0)
 (-0.277348,0) (-0.0080089,0)   (0.960736,0)
0.999979
0.00538346
0.00352791
0
-0.660322
-0.697892
-0.277348
----Vec----
 (515659,0)
(-303700,0)
(-211735,0)
 
 (-0.659076,0)   (0.726285,0)   (0.195278,0)
 (-0.699601,0)  (-0.687348,0)    (0.19521,0)
 (-0.276002,0) (0.00795306,0)  (-0.961124,0)
0.99996
0.00747085
0.00491492
0
-0.659076
-0.699601
-0.276002
----Vec----
 (522761,0)
(-307869,0)
(-214666,0)
 
 (-0.65879,0)  (0.726632,0)  (0.194953,0)
(-0.699996,0) (-0.686981,0)  (0.195086,0)
(-0.275685,0) (0.0079402,0) (-0.961215,0)
0.999955
0.00795186
0.005242
0
 -0.65879
-0.699996
-0.275685
----Vec----
 (575847,0)
(-339016,0)
(-236592,0)
 
 (-0.656568,0)   (0.729297,0)   (0.192481,0)
 (-0.703019,0)  (-0.684152,0)   (0.194152,0)
 (-0.273281,0) (0.00783796,0)  (-0.961902,0)
0.999902
0.0116538
0.00772336
0
-0.656568
-0.703019
-0.273281
----Vec----
 (644698,0)
(-265026,0)
(-379416,0)
 
  (-0.654214,0)    (0.189818,0)   (-0.732104,0)
  (-0.706221,0)    (0.193094,0)    (0.681149,0)
  (-0.270659,0)   (-0.962644,0) (-0.00772349,0)
0.999824
0.0104325
0.0155672
0
-0.654214
-0.706221
-0.270659
----Vec----
 (622158,0)
(-366187,0)
(-255719,0)
 
 (-0.654896,0)   (0.731291,0)   (0.190602,0)
 (-0.705289,0)  (-0.682021,0)   (0.193416,0)
 (-0.271438,0) (0.00775756,0)  (-0.962425,0)
0.999849
0.0144317
0.00962724
0
-0.654896
-0.705289
-0.271438
R:
0.0883047
 0.115385
0.0282674
Dot: 0.999923
 R Past:
-0.663514
 -0.69348
-0.280775
Current:
-0.657351
-0.701962
-0.274116 ----Vec----
 (644669,0)
(-379392,0)
(-265021,0)
 
   (-0.6541,0)   (0.732233,0)   (0.189716,0)
 (-0.706362,0)  (-0.681011,0)   (0.193066,0)
 (-0.270568,0) (0.00771886,0)   (-0.96267,0)
0.999979
0.00540668
0.00364844
0
  -0.6541
-0.706362
-0.270568
----Vec----
 (682757,0)
(-280760,0)
(-401730,0)
 
   (-0.65283,0)    (0.188301,0)    (-0.73373,0)
  (-0.708067,0)    (0.192499,0)    (0.679398,0)
  (-0.269173,0)   (-0.963061,0) (-0.00765604,0)
0.999959
0.00508417
0.00750494
0
 -0.65283
-0.708067
-0.269173
----Vec----
 (692702,0)
(-407565,0)
(-284869,0)
 
  (-0.65254,0)   (0.734073,0)   (0.187971,0)
 (-0.708459,0)  (-0.679028,0)   (0.192363,0)
 (-0.268846,0) (0.00764103,0)  (-0.963153,0)
0.999953
0.00798646
0.00542136
0
 -0.65254
-0.708459
-0.268846
----Vec----
 (767348,0)
(-451336,0)
(-315726,0)
 
 (-0.650273,0)   (0.736719,0)   (0.185453,0)
 (-0.711479,0)  (-0.676157,0)   (0.191329,0)
 (-0.266351,0) (0.00752526,0)  (-0.963847,0)
0.9999
0.01171
0.0079926
0
-0.650273
-0.711479
-0.266351
----Vec----
 (864879,0)
(-508530,0)
(-356041,0)
 
  (-0.647885,0)   (-0.739493,0)   (-0.182752,0)
   (-0.71466,0)    (0.673123,0)   (-0.190165,0)
   (-0.26364,0) (-0.00739657,0)    (0.964593,0)
0.99982
0.0156274
0.0107901
0
-0.647885
 -0.71466
 -0.26364
----Vec----
 (832863,0)
(-489753,0)
(-342810,0)
 
 (-0.648572,0)   (0.738694,0)   (0.183545,0)
  (-0.71374,0)     (-0.674,0)   (0.190517,0)
 (-0.264442,0) (0.00743471,0)  (-0.964373,0)
0.999845
0.0144972
0.00996152
0
-0.648572
 -0.71374
-0.264442
R:
0.0830459
  0.10977
0.0260745
Dot: 0.999921
 R Past:
-0.657351
-0.701962
-0.274116
Current:
-0.651073
-0.710421
-0.267218 ----Vec----
 (864838,0)
(-508497,0)
(-356034,0)
 
  (-0.64776,0)   (0.739629,0)   (0.182642,0)
  (-0.71481,0)  (-0.672974,0)    (0.19013,0)
 (-0.263539,0) (0.00739113,0)   (-0.96462,0)
0.999978
0.00543311
0.0037784
0
 -0.64776
 -0.71481
-0.263539
----Vec----
 (919119,0)
(-540316,0)
(-378484,0)
 
 (-0.646466,0)   (0.741114,0)   (0.181201,0)
 (-0.716512,0)  (-0.671339,0)   (0.189504,0)
 (-0.262092,0) (0.00732093,0)  (-0.965015,0)
0.999958
0.00754282
0.00526678
0
-0.646466
-0.716512
-0.262092
----Vec----
 (933331,0)
(-548648,0)
(-384360,0)
 
  (-0.646171,0)   (-0.741453,0)   (-0.180867,0)
  (-0.716902,0)    (0.670965,0)   (-0.189355,0)
  (-0.261753,0) (-0.00730502,0)    (0.965107,0)
0.999952
0.0080246
0.00561496
0
-0.646171
-0.716902
-0.261753
----Vec----
(1.04046e+06,0)
    (-611432,0)
    (-428683,0)
 
  (-0.643858,0)   (-0.744082,0)   (-0.178301,0)
  (-0.719919,0)    (0.668049,0)   (-0.188214,0)
   (-0.25916,0) (-0.00717541,0)    (0.965808,0)
0.999896
0.0117731
0.00828366
0
-0.643858
-0.719919
 -0.25916
----Vec----
(1.1816e+06,0)
   (-694154,0)
   (-487074,0)
 
  (-0.641434,0)   (-0.746822,0)   (-0.175562,0)
   (-0.72308,0)    (0.664987,0)   (-0.186935,0)
  (-0.256353,0) (-0.00703458,0)    (0.966558,0)
0.999814
0.0156947
0.011176
0
-0.641434
 -0.72308
-0.256353
----Vec----
(1.13513e+06,0)
    (-467853,0)
    (-666913,0)
 
  (-0.642128,0)    (0.176361,0)   (-0.746037,0)
  (-0.722171,0)     (0.18732,0)    (0.665867,0)
  (-0.257181,0)   (-0.966337,0) (-0.00707639,0)
0.999841
0.0103231
0.0145701
0
-0.642128
-0.722171
-0.257181
R:
0.0778374
 0.104086
0.0239368
Dot: 0.999918
 R Past:
-0.651073
-0.710421
-0.267218
Current:
-0.644676
 -0.71886
-0.260062 ----Vec----
(1.18154e+06,0)
    (-694107,0)
    (-487064,0)
 
  (-0.641299,0)   (-0.746966,0)   (-0.175442,0)
   (-0.72324,0)    (0.664825,0)   (-0.186894,0)
  (-0.256241,0) (-0.00702849,0)    (0.966587,0)
0.999977
0.00546235
0.00391944
0
-0.641299
 -0.72324
-0.256241
----Vec----
(1.26063e+06,0)
    (-740445,0)
    (-519803,0)
 
  (-0.639979,0)    (-0.74844,0)   (-0.173974,0)
  (-0.724939,0)    (0.663166,0)   (-0.186203,0)
  (-0.254736,0) (-0.00695191,0)    (0.966986,0)
0.999956
0.0075857
0.0054652
0
-0.639979
-0.724939
-0.254736
----Vec----
(1.2814e+06,0)
   (-752615,0)
   (-528398,0)
 
   (-0.63968,0)   (-0.748774,0)   (-0.173636,0)
  (-0.725326,0)    (0.662789,0)    (-0.18604,0)
  (-0.254386,0) (-0.00693352,0)    (0.967078,0)
0.99995
0.00806725
0.0058251
0
 -0.63968
-0.725326
-0.254386
----Vec----
(1.43873e+06,0)
    (-844771,0)
    (-593544,0)
 
  (-0.637317,0)   (-0.751387,0)   (-0.171019,0)
  (-0.728342,0)    (0.659827,0)   (-0.184782,0)
  (-0.251686,0) (-0.00679272,0)    (0.967785,0)
0.999893
0.0118441
0.00860036
0
-0.637317
-0.728342
-0.251686
----Vec----
(1.64799e+06,0)
    (-967348,0)
    (-680183,0)
 
  (-0.634858,0)   (-0.754091,0)    (-0.16824,0)
  (-0.731483,0)    (0.656737,0)   (-0.183381,0)
  (-0.248775,0) (-0.00664179,0)    (0.968539,0)
0.999808
0.0157695
0.0115951
0
-0.634858
-0.731483
-0.248775
----Vec----
(1.57885e+06,0)
    (-926845,0)
    (-651565,0)
 
  (-0.635556,0)   (-0.753322,0)   (-0.169047,0)
  (-0.730585,0)    (0.657618,0)     (-0.1838,0)
  (-0.249629,0) (-0.00668537,0)    (0.968319,0)
0.999835
0.014652
0.0107163
0
-0.635556
-0.730585
-0.249629
R:
  0.07268
0.0983354
0.0218563
Dot: 0.999915
 R Past:
-0.644676
 -0.71886
-0.260062
Current:
-0.638154
-0.727283
-0.252626 ----Vec----
(1.6479e+06,0)
   (-967280,0)
   (-680166,0)
 
  (-0.634709,0)   (-0.754245,0)    (-0.16811,0)
  (-0.731654,0)     (0.65656,0)    (-0.18333,0)
   (-0.24865,0) (-0.00663381,0)    (0.968571,0)
0.999977
0.00549525
0.00407328
0
-0.634709
-0.731654
 -0.24865
----Vec----
 (1.76608e+06,0)
(-1.03648e+06,0)
     (-729122,0)
 
  (0.633361,0)   (0.755709,0)  (-0.166614,0)
  (0.733352,0)  (-0.654875,0)  (-0.182571,0)
  (0.247081,0) (0.00655023,0)   (0.968973,0)
0.999955
0.00763366
0.00568191
0
0.633361
0.733352
0.247081
----Vec----
(1.53905e+06,0)
    (-903524,0)
    (-635089,0)
 
  (-0.635978,0)   (-0.752857,0)   (-0.169532,0)
  (-0.730043,0)     (0.65815,0)   (-0.184049,0)
   (-0.25014,0) (-0.00671199,0)    (0.968186,0)
0.999991
0.00347278
0.00254623
0
-0.635978
-0.730043
 -0.25014
----Vec----
 (4.05526e+06,0)
(-2.37535e+06,0)
(-1.67912e+06,0)
 
  (0.615184,0)   (0.774524,0)  (-0.147186,0)
  (0.755222,0)  (-0.632522,0)  (-0.171916,0)
  (0.226251,0) (0.00539645,0)   (0.974054,0)
0.998998
0.035606
0.027113
0
0.615184
0.755222
0.226251
----Vec----
 (253031,0)
(-149054,0)
(-103832,0)
 
 (-0.661661,0)   (0.722595,0)   (0.200171,0)
 (-0.695013,0)  (-0.691224,0)   (0.197889,0)
 (-0.281357,0) (0.00817806,0)  (-0.959568,0)
0.99879
0.0395225
0.0292496
0
-0.661661
-0.695013
-0.281357
----Vec----
(1.34161e+06,0)
    (-787732,0)
    (-553473,0)
 
 (-0.637331,0)  (-0.751313,0)  (-0.171291,0)
 (-0.728203,0)   (0.659911,0)  (-0.185031,0)
 (-0.252053,0) (-0.0068063,0)    (0.96769,0)
0.999999
0.00123084
0.000583671
0
-0.637331
-0.728203
-0.252053
R:
0.0675748
0.0925172
0.0198353
Dot: 0.999934
 R Past:
-0.638154
-0.727283
-0.252626
Current:
-0.643725
-0.719946
-0.259415 ----Vec----
 (2.01879e+06,0)
(-1.18432e+06,0)
     (-833956,0)
 
  (0.629954,0)   (0.759335,0)  (-0.163003,0)
  (0.737531,0)  (-0.650669,0)  (-0.180764,0)
  (0.243322,0) (0.00634371,0)   (0.969925,0)
0.999621
0.0220024
0.0165429
0
0.629954
0.737531
0.243322
----Vec----
  (1.8802e+06,0)
(-1.10318e+06,0)
     (-776527,0)
 
  (-0.631268,0)   (-0.757927,0)   (-0.164469,0)
  (-0.735891,0)    (0.652308,0)   (-0.181541,0)
  (-0.244879,0) (-0.00642848,0)    (0.969532,0)
0.99969
0.0199377
0.0149389
0
-0.631268
-0.735891
-0.244879
----Vec----
 (2.16976e+06,0)
(-1.27268e+06,0)
     (-896535,0)
 
  (0.628557,0)   (0.760821,0)  (-0.161461,0)
  (0.739261,0)  (-0.648932,0)  (-0.179942,0)
  (0.241681,0) (0.00625526,0)   (0.970336,0)
0.999541
0.024186
0.018234
0
0.628557
0.739261
0.241681
----Vec----
 (912633,0)
(-536259,0)
(-376056,0)
 
  (-0.643353,0)   (-0.744514,0)   (-0.178322,0)
  (-0.720293,0)    (0.667568,0)   (-0.188489,0)
  (-0.259374,0) (-0.00717474,0)     (0.96575,0)
1
0.000510693
3.79831e-05
0
-0.643353
-0.720293
-0.259374
----Vec----
 (4.75352e+07,0)
(-2.77254e+07,0)
(-1.98063e+07,0)
 
   (0.534636,0)    (0.841682,0)  (-0.0757354,0)
   (0.833599,0)   (-0.539973,0)   (-0.116371,0)
   (0.138842,0) (0.000916782,0)    (0.990314,0)
0.980322
0.153298
0.124369
0
0.534636
0.833599
0.138842
----Vec----
  (2.5225e+06,0)
(-1.47885e+06,0)
(-1.04307e+06,0)
 
  (0.624044,0)   (0.765491,0)  (-0.156826,0)
  (0.744639,0)  (-0.643419,0)  (-0.177547,0)
  (0.236816,0) (0.00597936,0)   (0.971536,0)
0.999246
0.0310895
0.0232537
0
0.624044
0.744639
0.236816
R:
0.0645912
0.0891803
 0.018633
Dot: -0.998991
 R Past:
-0.643725
-0.719946
-0.259415
Current:
0.621009
0.748358
0.233042 True----Vec----
  (2.4955e+06,0)
(-1.46345e+06,0)
(-1.03146e+06,0)
 
  (0.626644,0)   (0.762875,0)  (-0.159188,0)
   (0.74169,0)  (-0.646517,0)  (-0.178634,0)
  (0.239193,0) (0.00612546,0)   (0.970953,0)
0.999943
0.00864673
0.00626608
0
0.626644
 0.74169
0.239193
----Vec----
 (2.31712e+06,0)
(-1.35904e+06,0)
     (-957519,0)
 
  (0.627979,0)   (0.761464,0)  (-0.160675,0)
  (0.740042,0)  (-0.648177,0)  (-0.179451,0)
  (0.240791,0) (0.00621209,0)   (0.970557,0)
0.999911
0.010745
0.00789362
0
0.627979
0.740042
0.240791
----Vec----
 (2.27496e+06,0)
(-1.33437e+06,0)
     (-940040,0)
 
  (0.628348,0)   (0.761074,0)  (-0.161079,0)
  (0.739588,0)  (-0.648635,0)  (-0.179668,0)
  (0.241222,0) (0.00623518,0)    (0.97045,0)
0.999901
0.0113241
0.00833184
0
0.628348
0.739588
0.241222
----Vec----
 (2.00412e+06,0)
(-1.17581e+06,0)
     (-827798,0)
 
  (0.630638,0)   (0.758631,0)  (-0.163636,0)
  (0.736738,0)  (-0.651489,0)  (-0.181043,0)
  (0.243952,0) (0.00638178,0)   (0.969766,0)
0.999827
0.0149437
0.011108
0
0.630638
0.736738
0.243952
----Vec----
 (1.74055e+06,0)
(-1.02151e+06,0)
     (-718573,0)
 
  (-0.633454,0)   (-0.755603,0)   (-0.166744,0)
  (-0.733223,0)    (0.654998,0)   (-0.182649,0)
  (-0.247227,0) (-0.00655775,0)    (0.968935,0)
0.999707
0.0194089
0.0144337
0
-0.633454
-0.733223
-0.247227
----Vec----
 (1.89902e+06,0)
(-1.11428e+06,0)
     (-784243,0)
 
  (0.631675,0)   (0.757519,0)  (-0.164786,0)
  (0.735445,0)  (-0.652782,0)  (-0.181646,0)
  (0.245169,0) (0.00644702,0)   (0.969459,0)
0.999786
0.0165864
0.012345
0
0.631675
0.735445
0.245169
R:
0.0617133
0.0857123
 0.017553
Dot: -0.999862
 R Past:
-0.621009
-0.748358
-0.233042
Current:
0.629629
0.738001
 0.24274 True